acc	CpCpos2	CpCbridge	CpGpos1	CpGpos2	CpGbridge	CpUpos1	CpUpos2	CpUbridge	CpApos2	CpAbridge	GpCpos2	GpCbridge	GpGpos2	GpGbridge	GpUpos2	GpUbridge	GpApos2	GpAbridge	UpCpos1	UpCpos2	UpCbridge	UpGpos2	UpGbridge	UpUpos1	UpUpos2	UpUbridge	UpApos2	UpAbridge	ApCpos2	ApCbridge	ApGpos1	ApGpos2	ApGbridge	ApUpos2	ApUbridge	ApApos2	ApAbridge
KP688058.1:89..10300	1.1701074104007743	1.1414994156410336	1.113822381889764	0.9123972644359333	0.9451084579481573	1.0182899048626048	1.0352980993853058	1.2006513071400342	1.0152728397369593	1.3425729673860867	1.0012362728173354	0.9357828782906025	0.7522866984507298	0.887068470730139	0.8222771139840628	1.2386793676578387	1.5301947581724036	1.0049028629693755	1.1028042764830648	1.2575229053038064	1.0243063699525679	1.3433329554186664	1.4269675566221034	0.977824786717184	1.0477911558421549	0.8576595838133089	0.36217885754024237	0.40436474186877763	1.264453453518211	1.0731457232743074	0.8130332274957636	0.9954875359833404	0.7863595069748761	0.7504273678212381	0.8930681886784816	1.004965827289639	0.9406864369922033
KT192549.1:110..10264	1.1586510632528713	1.2304389756728162	1.103117934757416	0.7505410389757214	0.7233857821802413	0.8516464875388529	1.1261870777158844	1.006752412523917	1.1525872057998623	1.1636048014310834	0.6430573654544136	0.6684987998604027	0.8514239914135983	0.8979636474504699	0.7900650176923657	1.2370478244061283	1.6567243055151244	0.9482032305747309	1.1502877591092604	1.0583531278735685	1.0248888300701586	1.3288902145847277	1.290534323084611	1.149862814943254	1.049446851811934	1.095357205407145	0.5503504140834858	0.5957001513339188	1.2425776091081593	0.9647208675118295	0.7961742065238564	0.938941162251955	1.001051668116235	0.8042986259093247	1.036649046206289	1.0604505024642084	1.061951795479858
AB981186.1:112..10194	1.1179197147743314	1.1999276204951115	1.2048725016006412	0.8658757286693936	0.9515042841826161	1.0644032007112694	1.0161267592968766	0.9276364213609648	1.0901081997817401	1.3977207441258157	1.0306263760745669	1.1886425769286415	0.803911638509424	0.892217411959964	0.8437948692226476	1.2108395879791967	1.4642393392242448	0.9293776040436047	1.0575413515947603	1.2630394844769197	0.9422756384157326	1.2731637760446977	1.3713387949805804	0.913026294725046	0.973630254338199	0.7903624300182587	0.4094559273295436	0.31965947189237354	1.2823698542451496	0.878929132673388	0.7500259959354277	1.1245017273452034	0.8028745846026057	0.7134261280737814	0.9736366740632935	0.8506820499745027	0.9842117030845247
KF917536.1:1..10284	1.0786661703260285	1.0357359974628881	0.6281463474992175	0.52447743257813	0.6385881807896602	1.221287847831462	1.128578866276085	1.1313657202231746	1.3361085321368482	1.5518633639220794	0.8410246216838578	0.8773900293633698	0.8099542204589353	0.7856737035469866	0.7332838191211265	0.7717377150710051	1.5084286980010202	1.1211815279853006	1.0328340591677128	1.21903093918643	1.1791529747420684	1.439125796883129	1.2729111094668917	0.7134553282786026	0.9644432118596251	0.858572243339017	0.5142451616255128	0.41869670015317245	1.1511586620791503	0.8867773456693656	1.2161049046642307	0.9028125648321542	1.27423755723714	0.8491150521120296	0.8725451795123013	1.094604923436174	1.1023941597239
KJ469370.1:1..10131	1.2918671615713864	0.9579348042677815	0.3897191860562964	0.29758732752605077	0.3308678826548863	1.0660376681421	1.3829773294744319	1.5145341949396538	1.2254291480461024	1.4065710406698122	0.8191335298939809	0.8298149411238349	0.8767597783560382	0.8384194838996806	0.7295593702222823	0.6676071011073382	1.4443888078012515	1.0879111721220827	1.0804887270334116	0.9248930576055191	0.9834516680051203	1.4235790852238481	1.4228817432435192	0.9405683983479696	1.1495273514652595	1.071597144518567	0.5556305765271106	0.712934227469668	1.1381006109892917	0.8044146520318796	1.236048519217986	0.9220171214553239	1.1481290538345488	0.9047021959827308	0.8517529922872984	1.0738348530901722	1.1374000699921074
KJ469371.1:1..10125	1.1329738674675525	0.8820736370903436	0.4742978589951867	0.2995498142177594	0.34227048225803625	1.0940649882525408	1.1984853225792846	1.3204463216535332	1.4165060495839832	1.5639853058218476	0.8298201548665225	0.7613183528898965	0.8530541342855332	0.8122840602979305	0.6963376376326731	0.6964993255310303	1.5405918603550455	0.9718117954116018	1.0170689756138336	0.973080924647687	1.0160448485683944	1.3204837490551775	1.4799047599814874	0.9119244724441828	1.2852792300809825	0.95129609725584	0.537631630371062	0.7116883581522588	1.028583003771025	0.9197063966491277	1.2691642840865967	0.8678879492648757	1.2236796398840608	0.9795584214755333	0.9434222051905545	1.1246793315857038	1.1834411005164163
KJ469372.1:1..10131	1.3682051328130287	1.0403315210087927	0.42774404758733287	0.3690356075894948	0.3412949921016556	1.0313940548643061	1.2992230971711058	1.307240400667968	1.1766872849124403	1.4458002981840945	0.8554939061331474	0.7426523375316543	0.8689683172490821	0.8065504632059791	0.7531572995672804	0.7902932412802771	1.4013614670165317	1.0428732967874246	1.072735352416655	0.9300801073835977	0.8871869180049777	1.335980514655457	1.4325289624564737	0.9731477008970756	1.1366578858029526	1.2247808636505262	0.628355374779492	0.7070088503442391	0.9433145074668239	0.8932344381496373	1.218652127281319	0.9058748615967686	1.1522853226978949	1.0372631195335276	0.7930594027823513	1.0888027779383471	1.152232361550055
KF815939.1:132..10400	1.2345535759538881	1.327672663336148	0.6695768073582685	0.6062576075083873	0.5711465987988041	1.230864687054208	1.026172067118271	1.1634973594434015	1.1769190060737107	1.7005944405842206	0.9455727609575345	0.9136412358762638	0.7870180074906054	1.0134815146061826	0.7628472849724268	0.6932976154690244	1.5526730386178131	1.1031660614125836	0.8800344397712904	1.1479998553842243	0.9366718731230214	1.4242838547687993	1.2618147991467725	0.6952362981261495	1.0139127370816743	0.7796007876887546	0.42899645841186074	0.44760573006930743	1.2333823944106066	0.8411029348504795	1.316076948822277	1.0921259421736733	1.0768095563875675	0.7662864101384794	0.7880708501340982	0.8852881218544327	1.120072432851563
KC464457.1:112..10191	1.1265076412671193	1.1584435200011398	1.1675857990606233	0.8147378981034408	1.0356315238845213	1.0730697058097092	1.1947189144481765	1.0014961948082852	0.9912195438705714	1.492289681959124	1.075852932725188	1.0199315155525204	0.7487870696196839	0.8320348027534417	0.8344222064298635	1.2454417777916083	1.4624615353514696	0.9025100772626262	1.0873194909785786	1.2688483129011323	1.0488029390806932	1.3823038818622608	1.3482777927394256	0.9016034990860472	0.8772181396240918	0.6239340007053845	0.39959964598084136	0.4394159167805725	1.2762056624499485	1.0128458834183092	0.7593548641415178	0.9631565107137054	0.8165689218777322	0.7191012450674786	0.991217011717055	1.043012203444183	0.8302224959236235
KC505248.1:1..10095	1.01433114137492	1.080512552538112	1.084435421837509	0.9095166187921755	0.8114535000753338	0.8347453121239127	0.8782810196070622	1.171352310319962	1.3023221497154691	0.9136333840165356	0.9706692709911066	1.1081727371050445	0.7064919609250242	0.8635208604896553	0.637610499789112	1.268768026877443	1.7750179177214753	1.1007583947243353	1.1186081458574268	0.7815968992933623	0.6673586653969275	1.4828634312101976	1.1856949785717106	1.1707288495499821	0.9982333111417026	0.9667421950615958	0.6151424017308617	0.5212520616010164	1.1899482631189948	0.9587979355458335	0.8539283085221788	0.9947965563002358	1.1030469070419358	0.8366179275270182	1.1120966650932904	1.0056802143579477	1.179421862475437
JQ268258.1:1..10158	1.1210219290543093	0.9626072896284003	0.8344195409591311	0.8799429287607234	0.745274366736943	0.9031616096690838	0.9371024486048337	1.1060148350372139	1.2688197151487073	1.2571699835476957	0.6569341385224018	0.7884669306044395	0.856045671284993	0.8423925004322574	0.7921179285406191	1.0458932606223907	1.5584349795868906	1.0992326054937709	1.1650912926492878	1.1168197179779793	1.0308564297660114	1.174765054281656	1.3884403844042041	1.0909547001808007	1.1274796073948121	0.9303349137811224	0.5531060972907313	0.5435770314912961	1.0885557706650906	0.9279183186678637	0.9543615037863763	0.9672464037698413	0.939114243850522	0.932411013217211	1.2321241255216082	1.032155466277088	1.1571581940809241
JX236040.3:95..10378	1.0601561767107044	0.9577033905580181	0.7283174928483679	0.5461919978244298	0.4900706941778471	1.0430963506149316	0.8917389714962941	1.122755150786327	1.4914808015328997	1.5121790078031025	0.8464178050841212	0.8689591671787928	0.7930955125295971	0.8324701012992903	0.71126236722302	0.7658927639342031	1.5994573704092527	1.091613622461773	1.0309367325081704	0.9922148279240155	0.8184060608567627	1.4659861591695504	1.2550455293110805	0.9497880233282482	1.0129385264361026	0.9703963532223657	0.5742848907952961	0.491531245078884	1.1423136803326706	1.2182859442600193	1.1421730724668133	0.8432427289832909	1.2780374346280026	0.8696560404567086	1.0809855816917227	1.1479035302769474	1.0578159164069634
HE574574.1:51..10124	1.1132806195881433	1.25120176495543	1.1944394888955618	0.9773263761548387	0.9474569237670926	1.0424891064439619	0.904967185767722	1.0504358510053005	1.1509164473875826	1.4212942217436868	1.1202449271439083	1.1272666404867846	0.6583289402497741	0.7930804360824762	0.9263771808585901	1.1597562882293595	1.3301573800987556	0.9693681061540769	1.1426297657322757	1.1701630441229296	1.0368005415224932	1.3831528501360646	1.414478273058813	0.9412908323161134	1.023634296561965	0.8093319902421513	0.3826843861749976	0.2933543747498041	1.3168451506307597	0.8536317044661275	0.6759303214284387	0.9021867106587169	0.8768709878022376	0.6716452342941353	1.0356469950244074	1.1122951576556663	0.9279160640225643
JF895923.2:95..10372	1.0895907436001544	0.9407903197267519	0.5627295787397354	0.4856500751141287	0.5275840946721196	1.0594158876730646	1.1056894811659115	1.342562008440715	1.3847851787447294	1.490487316452426	0.8684775066640761	0.9253616773030632	0.9439916870773193	0.866638511929764	0.6934543022934124	0.7504570467837246	1.3965746846794662	1.138895894948061	1.011205987948092	1.020252195316086	0.8576756183282261	1.4000584788370796	1.2653138560932782	0.9329130650750697	0.9602627388885335	0.8840478108573909	0.5804050843106302	0.5968350048673761	1.101528531444565	0.9631157345347306	1.2534042250786424	0.9816421990482941	1.2509319772198215	0.9100157849280769	0.9256510283085518	1.0185953210184968	0.9932272465634711
DQ859056.1:1..10182	1.214865003414129	1.1958273994967072	0.5839740539814667	0.3333839793179795	0.5919777502044088	1.1866364091326718	1.1376734597986424	1.2103697164520828	1.3730895079231127	2.004299351335328	1.0221057759768326	0.8340626998645483	0.8850202420761297	0.9321800760230585	0.6995985560887971	0.6947126154372941	1.4429380006852714	0.904014150351259	0.9718333846258151	1.3940929325265994	1.1672352749647765	1.343913498430415	1.3347612286702435	0.7471747073268575	1.0339291306756675	0.9448275749393499	0.33841653476878053	0.44121289163699284	1.0916924436588598	0.8407345287266191	1.2993494716962697	1.0569511928034327	1.0775227470352895	0.9087109546854376	0.714758794175959	0.9411818912941492	1.1370878868195655
DQ859057.1:1..10173	1.2079566634413934	1.0916982648332663	0.590870004694809	0.272488888752586	0.4588009075283136	1.1101082305497143	1.1716647165493437	1.261913156727235	1.4212060944325375	1.5911758169361327	0.8544280831024701	0.753329162720285	0.87665036589339	0.8473852877295602	0.7048047369400494	0.8666261356147223	1.4630257704300647	0.8133312926100673	1.0318956415912421	1.1443639879769902	1.058564034751597	1.3715857398328655	1.1816044766373717	0.864844219268756	1.0005262404463402	0.8646914209608069	0.597708824010287	0.7829695095800988	1.0933474630465365	0.9172240602054665	1.2154337640897055	0.9265861489068951	1.339870079502936	0.9140819884411209	0.8578563134524236	1.0685179290739661	1.0908064489532736
DQ859060.1:1..10206	1.170007078205648	1.1393500594901693	0.455531711667748	0.32502723014560586	0.38820258890097775	1.0213326457060214	1.0926544497510235	1.194944974578191	1.4742343787741987	1.6761512739369233	0.7926687112981401	0.6232604107969999	0.7939367149483421	0.8624427339736683	0.8026870714530553	0.8424174892666324	1.581194220016046	1.0721638226829602	0.9919955612442264	1.152817997684788	0.8959087754869094	1.3898731560650193	1.3238765919238873	0.9777382530472525	1.0904115948597335	0.994494822851736	0.4700303374089112	0.7198610421235889	1.0707008223564514	0.9087410769265073	1.3155707600071085	1.019716932578487	1.242547015552965	0.9430505891318365	1.0094713860738544	0.980303443169958	1.076354998225581
DQ859062.1:1..10173	1.2445129055652877	1.33259677730163	0.5705049326886649	0.23749527135724774	0.4124476083015894	1.1641550098713191	1.2419571902851991	1.4109049704005396	1.3397243076136025	1.6274330554977432	0.9108508812233749	0.6960566280539817	0.8098659918643837	0.8393755193094623	0.7117935264546246	0.6015659088940358	1.559933863824525	0.8995280935358234	0.9945343111184606	1.207866235925585	1.142785154388625	1.317309790664734	1.4573639848990756	0.8140415519761344	1.1518368568256663	0.9595668765330534	0.5006544502617801	0.6037766532379609	1.0187598314333988	0.845457642155931	1.259017911537663	0.8966603007300682	1.194466461922839	0.9837507779777624	0.77659491599433	1.0980658111692594	1.230535366837787
DQ859065.1:1..10182	1.207385249410757	1.4119565776725271	0.6754972788006258	0.30341139982367116	0.382937246253917	1.080222000200575	1.045428125639657	1.4377295132781247	1.5341781456298222	1.5194910583227421	0.9617737742641328	0.6074935620957714	0.81500426315768	0.8988859375533291	0.7356243403936409	0.6633179063159255	1.4032717615619508	0.8161015746041237	1.0886796205830478	1.11902896162917	1.0909815499690867	1.2842000837073282	1.4004834439204412	0.9118618330744869	1.1678175962033168	0.8387989006555467	0.5314152141588534	0.6119933912991429	0.9839771003193404	0.8289599747399445	1.115456851163099	0.8610006067860164	1.2152349915365217	1.0135766051203612	1.1088667567672081	1.1267622154511936	1.1930338888788476
DQ859066.1:1..10173	1.1388519997722546	1.2113395153293371	0.7045419348102546	0.23120588364677722	0.46137328935305366	1.1632199721843817	1.1414327200941448	1.525300152801374	1.5573886297625783	1.587946387873226	1.0684241993539003	0.7458455859350892	0.7502500060471514	0.7858573137414517	0.7497281014516602	0.7275621713783325	1.4157665994984885	0.850295207578015	1.0544980287700587	1.2075641955441336	1.1105910882067205	1.3257620808364148	1.3139791838024328	0.7996463869014117	0.951132057970362	0.7103098721443759	0.6349215220530017	0.5355349561985754	1.0885568445475637	0.9830231561823113	1.1294736511344339	0.9604467964467965	1.332727564047998	0.9176704055220016	0.9719362882387886	1.0369091651751985	1.1685694437602825
DQ859067.1:1..10173	1.2118166264709342	1.3309123856841243	0.5961893101143696	0.20388119708338534	0.39015664062656574	1.184899454496158	1.2894124362240083	1.4465631074835397	1.3546959961136322	1.667352360393459	0.945613287466022	0.7509142153167371	0.7939790262954101	0.8377871898400964	0.697200928767774	0.5699054805123951	1.5664818449094902	0.9030311379196898	0.9960514221833435	1.16458936262296	1.142768536802768	1.3990960841316447	1.4745498053859483	0.7897187818589503	1.1652110163335028	0.9510502357514085	0.45079584495553454	0.5608283232053198	1.066723218770412	0.8411471345763405	1.2372309495920717	0.8571057433117336	1.1935126737038102	0.9421272577689691	0.7717400818005921	1.1350731941018861	1.2002128120579723
GQ165809.2:1..10122	1.1794474639453116	1.2439029528825514	1.0394973290440344	0.7682812425819308	0.8128450903752173	0.9519283324166468	1.0507039715186155	0.9909080337131518	1.1845876620371611	1.1180040724375062	0.9178127733893179	0.8717582166494183	0.7320286766272226	0.8366232556265789	0.8156588988532602	1.113760165277572	1.5471221790236958	0.925880621405042	1.1454200676490525	1.0306853621054364	0.8669361340245536	1.2690349228920148	1.2973608402458758	1.0482600025229623	1.1141260610033579	1.1781385298835043	0.6104814314879488	0.6254179285002583	1.0313055250021153	1.059155909203306	0.8399790782618568	0.9467929163514491	1.0240453016912971	0.9750497319532011	1.038748363991989	1.050886950649585	1.0683782183011186
AB488408.1:97..10122	1.2948880557409261	1.3913176036613475	1.1112120521658715	0.8353495173597937	1.0007194501333703	1.0749361666910875	0.939792078842635	1.0624096745211156	0.9584855029660404	1.258133294436664	1.0270994652038292	1.006669853684575	0.8650629575074241	0.874546581255518	0.956129535876663	0.9787701759931209	1.3010050817055272	0.7951989857163185	1.0061903920068958	1.1819866614398506	0.9513861829816728	1.0852370254024426	1.2845651242235314	0.9055417327286444	1.1094638268702364	0.9884349274249162	0.6585262282332147	0.7377592740470068	1.1765764267967154	0.8444451370452479	0.8990510325141686	0.8195204511214131	0.8930072101656501	0.8292808818591625	0.9162470969552684	1.1872484226028135	1.0648924107514053
EU707555.1:119..10336	1.1760844995964168	1.228621040070814	0.7896179163412521	0.3183203043338501	0.38129027688219763	1.1216409828335043	1.1527033199398315	1.289469037386304	1.4280056989757937	1.6474503413022614	0.900269177054037	0.8505241222091919	0.7332017789233367	0.8430946223530924	0.8170224034150422	0.666603430592967	1.5566414078567383	0.8184030131479592	1.0526645123701721	1.1138372720862022	0.9668287510527461	1.395178821997434	1.4780632027131884	0.8592229291930231	1.179779087683094	1.0064736981017397	0.4371077563842868	0.6598908692573209	1.0554154622055478	0.9252165421795812	1.0875499320498	0.8643281960947857	1.160534522556321	0.9517436899027735	0.9248291035504206	1.1266921543326127	1.1858801906402292
FJ644291.1:113..10192	1.0958431848952808	1.2198117894867742	1.1885711704431647	0.9005541991556539	1.0018671314550631	1.072249620424885	1.1077343814085456	1.0345965020350683	0.9786226300444372	1.3133154452739362	1.096638122750654	1.0466646894727616	0.7029383205760412	0.8468961056937382	0.7962669310884296	1.0775407297989479	1.4880528917412017	0.9682342583342456	1.0596149976544287	1.2085209300634243	0.8822345196160897	1.2964627511714717	1.3559486354551074	0.9009957287708041	0.9887175313506924	0.7721293605580621	0.42977461141232853	0.48367691045823785	1.293359105980248	1.0781267953169114	0.7655065191179364	0.9674946816768201	0.8314479679574966	0.6983394295142769	0.9028448754857169	1.0378169981988599	0.8872223536942607
AB377213.1:92..10183	0.9827199954513238	1.0404286243604612	1.1867872761499352	0.9549489268853406	0.994087326753464	1.0094446628528082	1.062572076526384	1.008912421483917	1.1260975195080958	1.2074050617311578	1.0071298391906824	1.1848639815813615	0.8575477592060256	0.8825373665568277	0.7753294420375785	1.2657699119244674	1.4970569835576504	1.0784354246074301	1.101582807211605	1.0924179476384037	0.9377100420830597	1.463393550305306	1.2764155954618919	0.9882918470979689	0.919045514889853	0.7928651167504462	0.39786969824992646	0.4267096900756046	1.375007641053854	0.9290810673591913	0.7448101463099045	1.0897215809615295	0.9098208673126019	0.6322312810982557	1.0052630754114815	0.8862086243994459	0.9108305406410713
DQ837641.1:120..10355	1.2830097191380667	1.2809108656946058	0.7893350800374122	0.5612956429490591	0.6019607691367423	1.1245329027061755	0.9672324236431014	1.277148683105787	1.315230443573333	1.6217135943645682	0.9832014740717593	1.0694486399628391	1.0453442827448498	0.9953643424933868	0.6567249690480615	0.9087856260276754	1.2318987710296176	1.0175132385083847	1.08714836259852	1.1665408037099931	0.6893311831433246	1.5711128787762203	1.2795441335004876	0.8282594351275079	0.845499289733792	0.7712313265280026	0.45374933578305543	0.4103322871441194	1.159881950974277	0.9501379093497294	1.098388946945528	0.8605388721861353	1.121147441784146	0.833169806701807	0.7411106161145466	1.1406857601269476	1.0331311249851833
DQ837642.1:117..10334	1.2951536741639535	1.2203254495962605	0.6565246816443634	0.3156232685149833	0.43623098786153613	1.0652299197870687	1.2170210804485264	1.3020939637611002	1.3443144717823876	1.6895397328339437	0.8911795625623733	0.7179894268787281	0.8218382550081719	0.7926562842409353	0.7697366368382975	0.7645729658189846	1.4368961156249616	0.9371432783484519	1.123179124923386	1.2044971155227542	0.8595166770476891	1.3727262274948393	1.439577949724665	0.9255980935487441	0.9690467603588361	0.8770996111347849	0.5495012504607831	0.6126322200143575	1.0578399544968264	0.9183697643191425	1.11279076831937	0.7892175051838917	1.218333368513197	0.9496362809018194	1.1119092032578157	1.1918469515465762	1.0547306221750612
DQ525916.1:99..10391	1.095519460275535	1.3071664077631755	0.7740550282363368	0.512750677404796	0.5272777496583184	1.0826270230102502	0.9139914104831668	1.1202058342215582	1.434972440312748	1.598330604263445	0.8815844021275921	0.9390649535744638	0.8236299977344052	0.8013736002307136	0.6455745644102268	0.8950129607568217	1.6520530472713069	1.004127402951132	0.9648293731887632	1.1567697125914072	0.8089370591147858	1.4456753332391794	1.4341901069531529	0.8902446415581057	1.0922065584531597	0.7125440712591464	0.39577126360204307	0.4151433290125463	1.2262521937344926	0.9370855950125554	1.1793550543167872	0.9024038861901458	1.2229758371263613	0.7684474562974509	0.922441020408878	1.093694870086609	1.1481283854101785
DQ235144.1:1..10266	1.1562208852774083	1.2677970897621156	0.6141989374578526	0.6064261006985064	0.6066457216382843	1.190666486579451	1.0589354040217769	1.371382552459741	1.1510649012639989	1.7712155547025368	0.9692547945521125	0.8947411653468215	0.9355511156909005	1.0644072462656553	0.757300552313497	0.7477583260380749	1.4127558364217112	1.1202540610700453	0.7972041850753169	1.3312248064421333	0.8886522923129914	1.2699164672639474	1.346608364475794	0.7552688362744229	1.1174404243206946	0.7345518532855994	0.3872683537237462	0.6812604416922933	1.170691225584455	0.7842095461388767	1.448865877258057	1.2536319962956533	0.9484206975584099	0.8307136404697381	0.6475668648595009	0.6576876040448882	1.0585203512286396
DQ235145.1:1..10251	1.1539680984177778	1.1786880610474446	0.5241127315883722	0.6326448355672898	0.5233785244014465	1.2033585815907937	1.0506740571912323	1.0853554094454372	1.367822718951293	1.5073780882172978	0.7938824012461917	0.8376766299882272	0.8196885730202561	1.0895007380898984	0.733910520376883	0.7178591331290957	1.5652852100378163	1.10157546901998	1.106721398472659	1.0983785344525463	0.8122399750586494	1.4515118988205256	1.2505010713856226	0.7404273026283238	0.954605206768687	0.8513655924808021	0.4879599504446091	0.5158059369895076	1.2053527576429832	0.9912233722909141	1.3168698702940398	1.0122682790336537	1.0420695707707486	0.801529535864979	1.101687080262916	0.9854226117595675	1.248042214378419
DQ235146.1:1..10215	1.3301640875207863	1.199203243563765	0.6180416040163585	0.3987581980848328	0.6055416307563711	1.2074337174256158	1.1043520674802205	1.2404502507812745	1.3199019855341358	1.7631551325514352	0.8865948902280942	0.7990742656493398	0.8717309310232265	0.8857099241316039	0.8432896631431124	0.8248742375377854	1.4302933546041452	0.9398257741355163	0.9514931227469178	1.287494265195598	1.0186208596127717	1.2412251580016087	1.488632400129671	0.7253089030736578	1.1436127977851585	0.6584508846508061	0.4455217965653897	0.6021541557871912	1.1199638567024555	0.8758127409195119	1.3542300787618287	1.1465337860037235	1.0605859700763889	0.8811130181332936	0.8578622040077506	0.8210033444816053	1.115777438359584
DQ235149.1:1..10254	1.2187437914338703	1.0060392741210566	0.6308587213306217	0.6759649242103509	0.5813399534824831	1.1388449015652053	0.9463918310779705	1.11797179107789	1.2901342275163652	1.5593377207722392	0.884657671725281	0.9601579842534682	0.8705060161968631	1.039630215807204	0.8049938444785937	0.9721503764146003	1.4983348855146954	1.1459500467257178	0.9762233251438144	0.9891851270684427	0.8357726256668848	1.4444578794874101	1.263685937938656	0.8293257318175842	1.0078175613528197	0.6452200437973512	0.4138343300835582	0.7664716259973581	1.0368128769143998	1.0743885432236688	1.3290296781524205	1.1774563702286749	1.0479416865889521	0.9653738638759597	0.7669039780114952	0.7531416647345236	0.98611099110585
DQ235150.1:1..10269	1.1130722484063365	1.4697633728504862	0.6489307619660885	0.659399796978433	0.5271484498643363	1.2850119240889009	0.9604440815598504	1.1762508773059073	1.2277860483534748	1.9162903049770008	0.8417849106850565	0.7753246709542141	0.8656276002576657	1.096552088389932	0.8170277108914747	0.5116450846831888	1.5790452740817456	1.0119144983334494	0.8467999253957359	1.6461928538769184	0.9782912260981909	1.0270598591703661	1.3765200620707374	0.6241518139651043	1.3632220095216154	0.8176664627452527	0.3261401018769658	0.8019624431590284	1.1706490963456906	0.9115834800075812	1.39985101883407	1.2377487280987953	0.987004864712446	0.8276451880161424	0.7662716624876825	0.7010686393997373	1.031688984674013
DQ235151.1:1..10245	1.1321774458445721	1.2722770442751379	0.696793974772523	0.5740197780412694	0.5811063979283858	1.2006345677006323	1.0708647424413964	1.3724378709860434	1.3371303556437206	1.722807278067178	0.9719105076305112	0.9108828970576378	0.9120139028957106	1.0843347816956737	0.7325423932201782	0.675545852807077	1.430464646008838	1.0962787350041903	0.9485824125052198	1.2459748772002346	0.8397472339923118	1.3771494519072263	1.2395357133661478	0.700211745034299	0.8917685535465749	0.602188806536829	0.399366130315395	0.4365944878531265	1.274048047356155	0.964588146549608	1.308579755958733	1.0915106910027454	1.060312368590907	0.6975885706462748	0.7649055445707658	0.8784953514052649	1.0976072029015298
DQ235152.1:1..10245	1.2112549102260428	1.2977815498217886	0.6761684169120831	0.5407440666756408	0.5289776626748132	1.1925847168025423	1.0780908359475616	1.57328906959731	1.298549700600577	1.6902299861907302	1.0131426760642592	0.8864880640299495	0.9133064128432025	1.0807468244279248	0.7356874688504066	0.5787011470781549	1.4160559880213446	1.1885159359154052	0.9465991066398536	1.243421253881755	0.784453362738572	1.378869097984442	1.3832869114503108	0.7144010364364043	1.01665455018102	0.7318993641259661	0.3195746998523002	0.4781848401857206	1.2470163819915252	0.9431249922371796	1.3361453578944664	1.1544409229403028	0.9892657085434757	0.7313929004095917	0.7032703479703248	0.7931027409904213	1.02212120762912
DQ235153.1:1..10245	1.191641523198142	1.2783722292348516	0.7263703113366555	0.5604354883458873	0.5599351224005101	1.180464416953872	1.0014974628263857	1.4115625851892057	1.371953715808829	1.6981871884969968	1.0064803731189074	0.9190887658510443	0.9173275591936634	1.0711065570792322	0.6937031847990094	0.6478566636625651	1.410443440149198	1.0851062273285625	0.9641333233935088	1.194952443680039	0.8270417157282176	1.3774401405470804	1.2490145462204372	0.729907511785202	0.9396859233123634	0.6497999148861293	0.414499703785418	0.4563553337509878	1.2306918720359903	0.952319770911559	1.272599330825992	1.1051310354650334	1.0965708705340957	0.7463602994687989	0.8027701859106605	0.8609934086629002	1.0662627877247022
AY323490.1:1..10251	1.288877353576766	1.4383948826749677	0.7479051290295747	0.5441430973940166	0.5504665159547147	1.2289664726339669	0.9380580408630188	1.2310066428550785	1.3576593818771117	1.7503003409455913	0.9314260214543177	0.8648189569697174	0.9105514378169393	1.082001164950522	0.8564798292738333	0.6659504945794382	1.3228461852350664	0.9922548779853819	0.9765951908532392	1.2682887586705966	0.8093136567983419	1.3393953762898902	1.3389573814885714	0.6448250409104282	1.0601992023391633	0.7322478331566769	0.34891220967398257	0.528347477023228	1.1633039092055486	0.9931344385571808	1.2616051778147062	1.1220931232869098	1.0467652847379771	0.8168316831683168	0.695899180886137	0.8379671019698419	1.0150556092514527
AY632535.2:107..10366	1.328513822754977	1.2449317215113975	0.5496309184898068	0.3739579129465878	0.49019080727523723	1.1181090871099442	1.1442503455510131	1.42024119199856	1.370855424466673	1.734527156130868	0.8349914831994861	0.7978944852333344	0.8475366701680358	0.8537271044199914	0.6808967933387967	0.6438969289543477	1.561253687866086	1.0618825977875395	1.0983424292640518	1.2363307349487958	0.8616970963793771	1.352030155225629	1.3550197962269155	0.8372827589136543	0.9808470886123083	0.7437688095962406	0.5089359717114332	0.5769511351682431	1.1868815531897778	0.8828816432225842	1.26268969897288	1.0614801575480755	1.2506019412889104	0.8110806652216015	0.9772514946083244	0.9355613663071808	1.0435483583552152
AY632536.4:105..10394	1.287006258006018	1.264642030439838	0.5390197670575656	0.5036255103625302	0.48651373745760235	1.0890868726062424	1.130850479354602	1.32248489406204	1.2058003607140808	1.6819550496224698	0.856196551658628	0.7947631954784931	0.9087730041892362	0.9565906950498273	0.627751633382297	0.7308391020402487	1.5290856419846837	0.9523874669030424	1.035454926842225	1.123797614314489	0.836735193134183	1.3877949079429341	1.145636201220317	0.887595035669696	0.8842423166428705	1.1288313014236966	0.6076400388598177	0.48091045511163766	1.0728127570378625	0.8767437748562665	1.28367830208665	0.8737963902502214	1.2479248233865854	0.9278059560138904	0.6873981258793888	1.1257717014344133	1.2433931823825066
AY632539.4:93..10367	1.2289386092401573	1.354508517744344	0.7873003478772242	0.453733478980366	0.5933903663380268	1.1291176998408132	0.9782305894525504	1.2610169005037224	1.3923998796056711	1.7431825243466832	1.028951496915333	0.8106559658530987	0.9245669900554442	0.9700937355953881	0.7221689345073102	0.7415739663087225	1.3502406087556258	0.9452451812498547	1.0175282023714745	1.3902061023533268	0.9052736437760263	1.3524473677591369	1.3658403324406325	0.7990622535262937	0.9827892254545526	0.8279427542420463	0.3306638395772917	0.4738064721134032	1.1667098393881914	0.9663866680843747	1.1656870191821889	1.0573529129304828	1.113645712798365	0.8051413055981804	0.7652828491600718	0.9402997929148106	1.0645918398640177
AY632540.2:107..10333	1.339586965837604	1.2505403651399731	0.45361088529935023	0.4672316592410668	0.6328763884471711	1.1244898216739483	1.0413693390615661	1.4163212691235885	1.3282149863456605	1.664435162219735	0.9756805895194716	1.0400131817925615	0.9867148071063755	0.9042894238931707	0.498269541176442	0.7426922390839088	1.4043759095108752	1.1467173250212164	1.0550712180814397	1.127656073693243	0.6693482571926261	1.5265220815134286	1.1084374046867687	0.8071671550696634	0.8457349921614123	0.7611368947319083	0.41879948129948125	0.5197920692025901	1.18802187619541	0.734624137260841	1.3373634700782822	1.0348911558140275	1.2833045479629617	0.7863136896272325	0.7998566265884237	0.9611691141102904	0.9880082253300437
AY632541.4:84..10316	1.4468596521607011	1.1951014422375996	0.5449400310417548	0.5216659162788149	0.6097566567076991	1.0283104253722457	1.0815517388313365	1.3652044234206693	1.1568516912210411	1.5153999557394335	0.8341526112802097	0.8267538651713361	0.8751588304416907	0.8774597663288464	0.6151832100277678	0.8136299096847098	1.5668249661043192	1.0597895806988806	1.0614575781326414	1.0482992041085526	0.7604715936672716	1.4306925194802163	1.22961291416111	0.9657127107245881	1.07018637225708	1.0002607570645712	0.5193074660935437	0.6360304991015551	1.2336812526930516	0.8083276933018007	1.247656285761226	0.8598090517570237	1.1920760563951154	0.7825409080826522	0.8663685002976405	1.1440878474297165	1.1182461378679711
AY632545.2:95..10375	1.2626104306905213	1.060793839165686	0.6330214525840865	0.48042421395200813	0.7049051252859201	1.0796579095449568	0.8778971952734782	1.1206251262613651	1.4909737430903462	1.4820531333994584	0.8117265606236709	0.8875948503496338	0.8818356587242169	0.8717984325770279	0.57943738831008	0.8031590955837156	1.5539674099277176	1.0310863774206833	1.1132226154727232	1.116495060843328	0.7682787831623945	1.4702587942997685	1.1443416177979862	0.8972854827436427	0.963055139660274	0.801520623876607	0.5112025481390516	0.5115746235471439	1.1751269717571815	1.0820198121340274	1.17034148325253	0.9177991751142427	1.2253851694141396	0.8244720965309201	1.1580331170517988	1.0798138182886075	1.1057592034781145
AY453411.1:97..10401	1.3402618539511726	1.254995041469479	0.616189987876149	0.46890811621363115	0.5057277431256311	1.135252999651088	1.172939067771758	1.2170065895678326	1.131509941113892	1.7997967637669623	0.8890495511333819	0.7794003774515516	0.844884189943658	0.8898868523421549	0.7501200586782287	0.687221123434996	1.4746418030110024	1.030565670415091	1.0050294622618614	1.2569280376452323	1.052084318099943	1.288876612517917	1.3547577358514487	0.8049385977871603	1.1059072452316587	1.0701042361520487	0.44137352275074776	0.5585294240243729	1.1931979695431472	0.7900368240251099	1.3039091077032239	1.022515905147484	1.1826476888592015	0.7956510067114093	0.7404622317183318	0.9765079484810198	0.9715981005342319
AY193805.1:133..10377	1.1816610852256675	1.3085163585622315	0.7271372650645777	0.48224963405078264	0.6056922246986699	1.2343395041612555	1.0925614458818833	1.2366480087316423	1.3587648434614452	1.6648769544343451	1.0413894534298367	0.8850143564556247	0.7980389030214339	1.0180499759089492	0.7298748877028491	0.6739134234426134	1.5407234574787008	1.0239634285000376	0.9586207850895141	1.1878248143982615	0.8382718887054473	1.4501487764799927	1.2499606448236655	0.6582391014910137	0.8625717363524086	0.8286675763878927	0.40809463246410504	0.44697029227250473	1.1525453066120424	1.0504248381034784	1.2524400768273902	1.04644975031211	1.0986974353820322	0.8369367946675215	0.6418314839194788	0.9433479253901788	1.1538397502022193
AB114858.1:151..10428	1.2337492124861416	1.1992913800300236	0.7551490513458574	0.44685198959264044	0.4874926655659145	1.071292646759447	1.1555343908015983	1.1834916856205489	1.3261302269803996	1.4094085520686386	0.7772004957603235	0.7987416312801942	0.9854298210476085	0.8917126508971837	0.6621533235410896	0.9919001599379209	1.428196565398852	0.9126978532539077	1.1671212308532577	1.0740430475872422	0.8670583541098693	1.399906400390965	1.329218012177096	0.91291480399872	0.9021200752351896	0.9497823090457892	0.6671564091896065	0.5085192348669438	1.0506895346544125	1.0337610454968211	1.0383047394403082	0.8028317712488785	1.1640349643797199	0.9536043691706118	0.8758694767093288	1.1705169641192843	1.186334196138644
AY149905.1:97..10170	1.2074018544277263	1.204233761168358	1.0998698192130894	0.6659226158672624	0.8470139935817069	1.1298023710516985	1.129324066205348	1.2867062388111816	1.0630642248493398	1.4527844521031879	0.9289967438050415	0.8656129433038632	0.8062092480750105	0.9281990629935282	0.9394994480972307	0.9752650503127577	1.4391285951200214	0.8471641386679808	1.024309734766452	1.3986372041308062	1.1911461761693904	1.2478214108146228	1.418002899171827	0.8405919613076385	0.9653061854873279	0.7215255658403202	0.48810727735490766	0.5488536350358726	1.1005257795811987	0.9628818098090226	0.8944035741884917	0.965776119748824	0.8002692181021748	0.9053756939006051	0.977478753095814	1.0361972951471756	0.9963634561639048
AJ299445.1:109..10233	1.1280356167049859	1.0832183841542256	0.4485790440841442	0.22435508531568316	0.21157496976340956	1.090168203462282	1.343595974363807	1.3501216116657337	1.3932038913339966	1.3417885168389305	0.7126350545429047	0.5302308194580219	0.8007234180551983	0.8109151415745673	0.8124102786356642	0.7505950804516125	1.4462249857792142	0.8696989592118388	1.104246052241676	0.9920604112089534	1.2505661941404855	1.3276872185667181	1.561799589415193	0.9196934946805125	1.2772017232476305	1.1006587444832474	0.5125893441438686	0.6848875326344036	0.971487204249155	0.9064512079679106	1.194202356556671	0.8144986455904795	1.1051280767318628	1.0193044247300358	0.8301244169997796	1.1619524585729788	1.2853876145094434
AJ242984.1:110..10234	1.1854327920928576	1.1980388505545891	0.34666875220877497	0.2820291185512885	0.307258645670794	1.2220549374658647	1.2384115253888497	1.1683014900203927	1.4317018761014402	1.5682111908297232	0.7569391522190483	0.7542856171791691	0.859897420194356	0.8307091416996062	0.7239386618025834	0.6927223533940793	1.4790720634311125	0.9381650345769926	1.097823517284313	1.1023276721177595	1.0952125110878614	1.378819975935778	1.5192549166572986	0.7944125081180501	1.256385987850303	0.923494145199743	0.4464408422203426	0.8158162505543085	0.988674788422151	0.8313551883814844	1.2595008283473836	0.7996207926463843	1.1752713115046998	1.008149170310534	0.9768271933681529	1.1836642250918858	1.1383308390600295
AF311056.1:94..10341	1.2702222313386793	1.2513796107281032	0.803790476069367	0.487769350269034	0.4838761816264468	1.0729399921301057	1.0529874894610494	1.3007849417443564	1.3084868805688754	1.890044839532326	1.0193649544920687	0.8297023393613371	0.8499578771172166	1.0604484116781163	0.7630558338386567	0.6644571018697807	1.4945093941828902	0.9481806252128252	0.9668919576538738	1.1157509773557885	0.9113966264700931	1.3984221901563316	1.2681104188355286	0.8990239179031488	1.0403273401914486	1.0356895582264054	0.4270069229636176	0.48820714446438723	1.1502611789439636	0.976500637966393	1.182171525622757	0.9851598335629183	1.1039099415836677	0.8493343495110995	0.9808811341566439	1.017804811558645	0.9914962562374726
AF331718.1:115..10365	1.254283086469625	1.2917404225457978	0.7431817072991568	0.5063754970985067	0.5452359630233933	1.2220984252322207	1.0135833984200708	1.249100672609538	1.3594713310492812	1.6916660080754358	0.9216319396184043	0.8274046480018771	0.9227533183801457	1.0512462400371678	0.8358903248911524	0.7250576637930277	1.3436600725278092	1.0192592597130712	0.9622914711887198	1.284852637489668	0.9846325002518121	1.350121414094654	1.3072473725932723	0.6792187009519145	1.042812584951779	0.7027517956999699	0.3632079368226276	0.705448852324521	1.0454075023920952	1.0001124757423263	1.26119150624112	1.1090254491260467	1.0914383359611182	0.9528871479705546	0.6948453819990439	0.8580834598515519	0.9560098303646556
AF326573.1:102..10265	1.3712501996589965	1.1915752915595363	0.35822270084811425	0.3880264330647314	0.40058284328781046	1.032309238594118	1.0806385870405515	1.337034342311639	1.4643345729491075	1.4613877248903395	0.6006604232836773	0.6081055559714615	0.9020978105822803	0.8242407114652545	0.5249965954684315	0.8644242357140163	1.5628760915722566	1.0024207170503194	1.3254919033215595	1.1302028740370476	0.8342151795907422	1.363222508771978	1.0912091037088336	0.9604262133715197	0.9392153928200182	1.1858509261108368	0.6926426149145485	0.4234696784197756	1.141764545206228	0.8255502046405856	1.1552924669044031	0.8810309445144588	1.426842144021129	0.8676020408163265	1.0355442947802034	1.1004836737629458	1.2160703445156869
AF253419.1:131..10375	1.240732402741566	1.2736105865308083	0.6422887251971031	0.4838651978763719	0.4734108994782466	1.2001666193415215	1.044327224816495	1.2766329900591982	1.396365307681325	1.8778443013758346	0.9023209331618526	0.7650152411153059	0.8787587554013188	1.0958152148635985	0.8481422584457774	0.7423032381770792	1.437430528552659	1.0773999906586547	0.9671996917594867	1.1801078948412782	0.9186196665583829	1.44181088163307	1.327907371166609	0.7152435857555798	0.9111598279270676	0.8215998328539732	0.39509177521246164	0.548232749972841	1.1397328784296867	1.0016688116829877	1.3500530412815894	1.1777634021107393	1.0749758529967048	0.8547962350357559	0.7541559848150112	0.7651110335383046	1.0084803633979709
AF160193.1:1..10116	1.2047597741326908	1.2182632115902787	0.6436736615904501	0.2791562736779034	0.48502825580420184	1.1544198308114058	1.3480438181879668	1.3207166989545578	1.287139345649791	1.6201057610306877	0.8943758061234262	0.8190115904927564	0.8669708939019177	0.7549476992353656	0.7356799139876405	0.6640320113780359	1.4651005144764613	1.0945866252694847	1.0238620073714877	1.2397140891226088	0.9791318346769495	1.3340046254580402	1.505866067738487	0.817518448251857	1.1487642447509367	0.9513929519782046	0.4410404141273422	0.6474799604076349	1.0717441990039516	1.0038744186472732	1.2067691165942174	0.9779694923730933	1.1683501245543675	0.9377861772663751	0.8284699683344326	1.021975372284258	0.9857338306691878
AF144692.1:1..10140	1.0161667159914194	0.9910686566737615	0.5541755624306586	0.25632962592366504	0.3419849163703403	1.086042418187286	1.3407478320467476	1.2822945574660753	1.3599509682689015	1.522459302183438	0.8036729670506939	0.6064185290234232	0.6949830845681979	0.6664284106453693	0.838233166814012	0.7249973421976122	1.5915354544464433	0.8081637138513704	1.0537828950251182	1.1543052916216834	1.2229792859971405	1.2111560926281042	1.6654148698276898	0.923134836914794	1.1990966855362792	0.9915872789339604	0.580556606827651	0.5962803804695265	0.9566620023498712	1.0482979924561866	1.1570452316560051	0.7642790521572103	1.0681237972843738	1.0298241721986154	1.0295815957403787	1.1946826441994793	1.2861843830347406
AF161266.1:96..10400	1.2930626080834822	1.11318416793823	0.6528448217163062	0.42408930942544093	0.5110891891550672	1.049223629680606	1.01544939687566	1.1446244199480704	1.3051785788653012	1.9458062726890861	0.9930848739594249	0.7965282535853228	0.7412031772335462	0.8199467515024024	0.7658808862844663	0.764459610173896	1.5223904809623425	0.9145020556942711	0.9786466914372814	1.0852400368757191	0.8391914307820236	1.4300151628447988	1.3168185172030291	0.9398183599588412	1.0616797911229816	1.244639642239636	0.5573777273895576	0.5195377657327847	1.062565460833859	0.9610209533329787	1.2454669346122906	0.8517898443163382	1.279993425615093	0.9412132986643034	0.8420377203790244	1.141133544349741	1.0728710332474323
L40361.3:133..10377	1.3147798938652842	1.266971062100522	0.7215032922110681	0.5830938262705634	0.5931104713830314	1.1818068932157701	1.0174986893237135	1.2892873610822972	1.21547635196821	1.8033755313600244	0.9839546946363743	0.8151806413554342	0.8943803390852277	1.1169604781927247	0.6653862789696986	0.7424191616613925	1.489361637646178	1.061633306472999	0.9745966141289605	1.2388836969221881	0.7468243292976	1.3978822475757204	1.3283044004170366	0.7272386248627467	0.9262347376068609	0.7830327962813953	0.37438735529650696	0.3071350973362361	1.156126203371067	1.1569790236844986	1.2678652052700845	1.0455076749306749	0.9272540045415341	0.8282982609007031	0.6822678119233964	0.9408687794147232	1.0760206765335945
AF013360.1:<1..>1035	1.412628839304922	1.2983884138543498	0.4969088119974605	0.3662096417514375	0.6323311602978692	1.068987912026193	1.0941910861798962	1.5582853212404586	1.4072799635731994	1.2099971319582528	0.5684719894158035	0.9578781976866593	0.8839307776483462	0.8828447118901919	0.6319100991495865	0.49503686099216343	1.5315727699530512	1.051915172933479	1.0918293151179777	1.188566605564401	0.6906508188149703	1.356993261700965	1.1003103081964054	0.9242912094255972	1.104892753113907	0.8700592227373318	0.5587387387387386	0.8704092165108368	1.3942470389170896	0.43532905553239537	1.3269987514163306	0.9474770517625333	1.3033949348852925	0.6387596899224806	1.0056216998141358	1.0565497076023391	1.3265590426869633
AF013362.1:<1..>1032	1.22368468740352	1.316302593730176	0.34141012213581995	0.7538772672245369	0.6842544652982633	1.2790739667582118	0.9606492291713478	1.397744273539506	1.3433511779223999	1.5756999699607357	0.9857669543332296	0.6282848461005107	0.7574952646298017	0.7147374224944185	0.31194537416603907	0.9752076601516517	1.6541226429751021	1.3047029414909732	1.2622484332187287	1.1394638927328704	1.0446285350981297	1.3180818081808179	0.9704813870262492	0.6812124642631003	1.1148383668845332	0.49995499838897933	0.4639812646370024	0.4412412100912761	1.312955748676456	0.5785688783170084	1.330007016507616	0.6295217757069824	1.6220590332243552	0.6840778461228195	0.5516628662536809	1.368048858887817	1.145887008766598
AF013365.1:<1..>1011	0.9595803906781062	0.9503478368907332	0.6494849691841614	0.3754678459039278	0.5096541043197693	1.1613084025397606	1.817532293009009	1.5023125196133662	0.8077311866857	1.044844016299316	0.673537592473413	0.8205121469497018	0.7346403782645394	0.9187759746071911	1.092343127607717	0.6337182451854149	1.4076254472842957	0.9664233358536596	0.9407148184502421	1.2445965255025127	0.9814583678511661	1.3611577181208054	1.596255876488375	0.8645465723929762	1.1128145188711323	1.2514931174615704	0.3485483541198119	1.071313466325933	0.7874247965081986	0.6598559554812806	1.2318168193849974	0.7597315436241611	0.7360410620763167	1.135204081632653	0.857198231479598	1.2671641791044774	1.066919343787195
AF013366.1:<1..>1038	1.849254861773438	1.4597595616655037	0.5175295030786361	0.5787040868587934	0.46539045878553925	1.043236271886281	1.0954541188818272	1.4921839641713286	0.9063280260383527	2.094602169214989	0.7457540513920664	0.8791959446832344	0.7909225567059668	0.9330644456131109	0.6218823196776844	0.63429384191957	1.5378471525738981	0.840412043857794	1.2356530339388618	1.6313766381333947	0.6249987461868673	1.4275224775224777	1.2483134578505317	0.939463139839894	0.6415845504515455	1.025629858130041	0.3928553951553706	0.4348869112529047	1.1236780258519388	0.5391080448706624	1.290896426559743	0.7504258037044923	1.2149958449799803	0.8647461983294068	0.8927116301527095	1.252029024455792	1.041502097288501
AF013368.1:<1..>1011	1.1258572582399735	0.687665644777584	0.3933559971961089	0.1565985130111524	0.5454322704414203	0.8036406253896218	1.6469630534945385	1.1761015928047476	1.2108205989978407	1.16148826682714	1.0041905639416762	0.5809981240684419	0.7594054775535005	0.625	0.5498371207127559	0.9401741038133539	1.5466460291301056	0.7330797975537874	1.1093367746299045	0.5461608996539791	0.4969748315324702	1.3913376998878855	1.227189894580055	1.1636026234260106	1.1072748518011857	1.4571851088262526	0.7152771175967297	1.0052539551328308	1.1014705882352942	1.2187892776900475	1.244786735548881	0.5805231014338821	1.2610405247473648	0.9331395348837209	0.7788547836370352	1.3593607825295724	1.2873691961998026
AF013369.1:<1..>1011	1.3132883039903358	0.9301118376273024	0.4138972744892884	0.20033746276562497	0.33847871781397787	1.354700470950117	1.7693320735101978	1.263121685069073	1.206690851103292	1.3838028649490415	0.36483259455298556	1.0185714707480078	0.938315061903327	0.6898158544614756	0.692424399424703	0.6608608538087596	1.6221246754083127	0.9873715992651939	1.2534559901349125	1.0569101039125932	1.1077371983194586	1.328816667515664	1.549726362064873	0.6954011493985636	1.2207816134306704	0.9389613897949791	0.47781500659965487	0.8012246893877351	1.131169408626056	0.847960985962396	1.1969240426413457	0.8249347520578197	1.1228540648500782	0.9095923996322403	0.9549675067037556	1.174469787915166	1.2904149083926386
AF013370.1:<1..>1011	1.5925123163503434	1.2171686634877938	0.6594226184778498	0.2142603068405503	0.31903336658906994	1.0880080808289865	1.0067599619383734	1.3107130457305158	1.1460896927895683	2.0796555628832136	0.7611786685199797	0.845711789113904	0.7529995176742077	0.7318719013456626	1.1680434407560507	0.6175118668772241	1.4021700767431318	0.8172808464518203	0.6841734233155868	1.0546431302734351	0.7983189145902883	1.346236559139785	1.597624948387337	0.9095802678271881	0.9082499017664901	0.8255283065323751	0.5420736670736672	0.615665616530662	1.0227001194743128	0.7092357055249584	1.3999905351972257	0.8309827456864216	1.1978156631144308	0.9825528007346188	0.8508769727323156	1.1919243547150526	1.1709202786506556
AF013371.1:<1..>1011	0.6746784323489969	1.1558633637848945	0.6308327600270079	0.23881213246600974	0.39893448205369153	1.2499710287429988	1.6291215989498553	0.8148109504744594	1.473857466357599	1.8906317412540303	0.9595111341214987	0.6142463823755286	0.5774782360496646	0.6791019147103932	1.0068143689435791	0.5933226942434277	1.4243034037014801	0.7694463496378289	1.1136407020410817	1.0504940476113287	1.3232814654789222	1.1697722567287783	1.4650861391919014	0.7936564860301811	1.2757017886176212	1.1692968882034418	0.5665034377009447	0.9467612291721379	1.140355029585799	0.9881995520797886	1.103845208594165	0.8426470588235295	1.4060524008294173	0.91182156133829	1.065392909571853	1.1503714113631802	0.8903676502972738
AF013375.1:<1..>1032	1.5225725716141447	1.4522476458606741	0.5264121070055313	0.2964578207296654	0.6441999867211373	1.2262981858158428	0.864762091644927	1.4699550297950277	1.6677721700284258	1.8268438408219156	0.783099097640035	0.5573940677761275	1.0199633240449568	0.9536529883678452	0.30646410108961536	0.7921731436363669	1.4828410958877967	1.1239256432595213	1.2415729917874874	1.6156607851417109	0.6079208484196588	1.36401833460657	0.9999302257690421	0.6975236158488585	0.8908055398701858	0.5436140285890666	0.226576852418861	0.6008940077940488	1.2802327695944717	1.0952501127894012	1.275140239861032	0.7303896103896104	1.2852929384172198	0.6816773393926874	0.7652750641760995	1.292394366197183	1.001818456728967
AF013377.1:<1..>1035	1.5754587717347979	1.0187840896793916	0.5890623668778494	0.10524710189139719	0.6657506891240303	1.034134772968283	1.3598231005224382	0.8695792534706915	1.4848270274353426	2.1180699756282264	0.6225806000630145	0.7786602552565048	0.7965054014378541	0.6639843035463552	0.5623286278327301	0.7434029791177784	1.6533764103144184	0.8252210433053532	1.276081758800468	1.5319373388855841	0.5202784650899994	1.3701200491539844	1.4038241916098213	0.959042789458099	0.5538310981400413	0.9291860191590319	0.5320706593614207	0.22718189542550915	1.3545407368967306	1.115331942416015	1.1248884425183798	0.6254793863854266	1.1939067693804568	0.6635145784081954	1.5812741472531497	1.3531871609403257	1.1095062709273456
AF013384.1:<1..>1035	2.067483618982723	1.6305719225002882	0.8532248495635224	0.10046592894583577	0.6355220988010135	1.1721589143404552	1.0357129698334315	1.8884073074704868	1.3382490694235776	2.2001442285203816	1.0369111146578223	0.733480152854552	0.7119471947194721	0.6079301326359052	0.7832535885167464	0.48635605796697334	1.4068019226469928	0.8501101809277182	1.3069322515775605	1.4305071243640577	1.1146306289128942	1.1602951961862853	1.4339033328570137	0.7693011890626882	1.179038371329393	0.6184860234845596	0.4103318541385297	0.3997491965614332	1.135282651072125	0.7570248159115868	0.9711554268427063	0.7264851485148516	1.3396702053016099	0.8597979797979798	0.8094869701912086	1.29181338028169	0.8543615914464181
AF013390.1:<1..>1038	2.144982966235525	1.4182043808258011	0.42340728797430216	0.22132880135696673	0.43518250453157686	1.1726035609167	1.0736454520356342	1.6066854492507516	1.0155563067730575	2.2684118288055073	0.7918877151645491	0.6916226618714205	0.8423100307505232	1.0281793831566666	0.8773664428874602	0.5945970188111601	1.3583337000286024	0.9568143140160137	1.0920235632473507	1.4871903314929829	0.7904302685729269	1.4008875739644968	1.4374856789101111	0.7751716623727428	0.7414189679806994	0.7283321825344763	0.44190246839253466	0.31862377746347625	1.1381984489958241	0.7440882444341197	1.3751676615726833	0.999112426035503	1.0323026925850993	0.8591691995947315	0.6626974595178328	1.0009169638308713	1.0409174368801646
AF013394.1:<1..>1011	1.58102665638452	1.0572591268056641	0.3557608060936818	0.1490047167623191	0.4383049439135853	1.0112532517922976	1.5396032916014348	0.9583684160497936	1.1919372798109809	1.7572596699909702	0.5193100803547693	0.6279000456602862	0.9375347509570466	0.5814491762425922	0.7683861581387631	0.7135782066043534	1.428517819158937	1.0116228840649828	1.1870468759765092	1.2955335142614073	0.6530076096377359	1.211292962356792	1.665074959528021	0.9910556560174575	1.0931386188293615	1.4034309751716834	0.6000704721634955	0.5605322921495087	0.7933271547729378	0.8601000146478314	1.2242608210589967	0.7296620775969962	1.0587493028922004	1.1309453904873752	1.25573346185557	1.2532734023842096	1.290966245547219
AF013397.1:<1..>1035	1.9107765902408869	1.3180717566790376	0.662753344134366	0.5657813960776572	0.5309381761289652	1.505852578298007	1.0167774908525822	1.299505293647953	0.8999612494286031	1.8373615295638184	0.7130219895941247	0.9256457857363999	1.0865591874095726	1.0210688984191574	0.5748197063099402	0.4614642738379656	1.3230199968508898	1.0751176474020292	1.1530946040298113	1.6331471300927178	1.0140689143963753	1.1239681603773584	1.6030968270552204	0.32786885245901637	1.031887906843295	0.7655627419081834	0.4768057285180573	0.23985387293865157	0.8900079776625449	0.9006511539540749	1.200823614223852	1.0404008101481717	0.8538448460118526	1.115837009031716	0.6110285825610313	0.9560018574413746	1.1524807253161904
AF013401.1:<1..>1011	1.3602755918752982	1.2155864691870084	0.3510180727366272	0.24255350293116773	0.37763686208430686	1.324657611864144	1.6395710277844064	1.4257729653148106	0.9716379445319577	1.6601984181270535	1.0556866678077246	0.8279401022708023	0.6752686133232209	0.587565162170071	0.66667176663686	0.4720736293763848	1.5643000076964517	0.9144559779164518	0.9889196573253025	0.9655049289320894	1.0040557221849569	0.995974446486392	1.5769694316263154	0.6778179466277576	1.4855799530648282	1.076104979435701	0.6832839140103781	0.931053045014992	1.0354093420391761	0.6331043276448158	1.4405117544457513	0.7705891081762873	1.1377872176435178	0.9746676248652532	0.9807244140367513	1.2366809552969993	1.2208317976973797
AF013402.1:<1..>1011	0.9075300307497902	1.4673777478592511	0.9047385970815872	0.42940770708714127	0.3080370977395663	1.2487970242566588	1.0666703417858183	1.3054178067453401	1.7183076881545565	1.3697194866343743	0.7394472790138804	0.7784105970577903	0.854195584612164	0.7138957620262268	1.114920078729791	0.8784856896221584	1.1045635748389189	0.6408096091760132	1.1417344513541239	1.0196479402571492	1.124414612524746	1.0926269359931835	1.6847572856651563	0.732945054584217	1.4940228484357105	0.5733102276155708	0.47435150102011076	0.8533603212822097	1.1310751104565537	1.368043735721447	0.9699453921711949	0.6261120996441281	1.1743098737754694	0.8998875140607423	0.8478341298078848	1.3725620567375885	1.0915327110625852
AF013405.1:<1..>1032	1.434988884577145	1.4443405736509514	0.6878467311788533	0.4770388692263692	0.654950671351286	1.149459835506347	1.1662241028696105	1.623121246222352	1.2540028641418168	1.8576051502660529	1.2811942742991411	0.7920956530886106	0.7749867635432206	0.7886025295989053	0.7549488509676472	0.7875828762695988	1.1626856813242756	1.0283209669335671	1.1322223886313638	1.2076831586341095	0.48852260479536513	1.1714781746031746	1.3242860472477793	0.8215151787318122	0.8159081700748366	0.5377804671475326	0.7005722231135354	0.8436233115680078	1.046358858858859	0.8877731835429725	1.2085794731802844	0.9828092243186582	1.2187109884291478	0.9540550595238094	1.067939953130332	1.0199818979321869	0.7579440554110283
AF013407.1:<1..>1026	1.3674394648448729	1.1889541741891252	0.6241338465046556	0.5474629689267847	1.0476313877461958	1.0167464114832534	1.0748416410080337	2.14394489578039	1.1724887223629485	1.1936670389184767	1.1054840401004475	1.0246902830714872	0.6378892528804678	0.6126238962584345	0.940219063397637	0.6802335891930752	1.4433939911896723	1.2214169205741914	1.0050474219987917	1.4876193855670061	0.6620210064635274	1.3002296211251434	1.4058014333549214	0.9811393888972924	0.7432493797625377	0.627047313517164	0.5489866534849234	0.5228863839147581	1.3132974481658692	0.654537822442731	1.2721453118712105	0.928743131868132	1.1630920206363224	0.6968557098765431	0.7070317939971026	1.0769278299555116	1.436296691996568
AF013413.1:<1..>1035	1.5853593597720013	0.9706096418824167	0.9713365539452496	0.39055752415521455	0.9590876925035001	0.970635176239041	0.49776709034695976	1.3248421250122557	1.6738168359229377	1.4941504465230004	0.8679040866113944	0.8669081391590673	0.6910195408992046	0.7635175577086764	0.4307633642097677	0.6602145821758765	1.7620924110935314	0.8104375142320758	1.302304065414705	1.217283950617284	0.6982928376495008	1.4232678181457217	1.0889679108048933	1.0393833808467956	1.0708994708994712	0.6547686307311075	0.3471778487752929	0.24743953180924094	1.2605200945626476	1.100749104506394	0.9010932775775486	0.5549779843444227	1.2940037719710484	0.7140633108458745	1.6533393982480153	1.4151643085349155	1.2010601148236193
X86784.1:<1..>1488	1.1479286013998782	1.0562377463708612	0.39158904961458324	0.6435015160101581	0.44887561021605416	1.071749087935323	0.9751016536473718	1.7492726606988405	1.3230666939608349	1.8091116853068325	1.0040400158384406	0.9801319354634577	1.0483719545535604	1.144444964335678	0.6479624025811092	0.582466677473071	1.2579925503560403	1.2724977248751	0.9950773172538412	1.1216556464956902	1.0251159960450094	1.4145547009624682	1.2182754549095784	0.9015365828838916	0.9794673575778533	0.6918798604100672	0.3962241462241462	0.30044645322788816	1.1228007819441979	0.7090815244746422	1.425432583213363	1.1570247933884297	1.1172316574961454	0.8717758396734088	0.8637181107362237	0.808080808080808	0.9299432399510185
U87411.1:97..10272	1.1690349575261216	1.126550138850234	0.45969878657712465	0.35200127418577754	0.4982978894610076	1.0623284225782657	0.9754569252729995	1.2873529039411689	1.5632737626512982	1.4438043114461865	0.7480596641249021	0.6399131299561432	0.7616282414432166	0.7707838681926771	0.5758799897254286	0.7223081762961211	1.596821016790089	0.9252331910617891	1.2241256246436532	1.23324385492652	0.8182194472624129	1.367511792902159	1.0378469982110436	0.9216950901957917	0.8999278309336833	0.9589939816359897	0.6705909607186464	0.5591262409982439	1.11823791530393	1.0303759717319745	1.1493323737523757	0.8130857531508523	1.4339156781087319	0.8855069278449602	1.1599527405386565	1.1425401177068335	1.1592783126267618
Y07863.1:130..10374	1.1573611099032384	1.223935331141159	0.6847146128807047	0.5621594577110203	0.5900857631197882	1.2070476483131403	1.1031285031748843	1.5150426493952127	1.3047309671399259	1.7831821785178303	1.0624765319069605	0.8410531685294597	0.8684476512544724	1.0549243258168481	0.7708911472048554	0.6399948676096244	1.3773970377432367	1.1664363071607398	0.9608877011856333	1.2620404063971942	0.9942900067700904	1.3928911367536043	1.321355230438779	0.6927612214137493	0.9310999066490334	0.7226585413830798	0.36882475258360553	0.3425897118827182	1.2194179115644561	0.9824685205184656	1.3162031089776371	1.1171526933981368	1.0123861288026543	0.7597983937020586	0.6064145427595226	0.84604125083167	1.0615077281700265
U88536.1:95..10273	1.2600076692877802	1.0595399338456442	0.48722333110301547	0.460011669461063	0.437187346596563	1.1038444875721867	1.064110313922841	1.1205820012699814	1.4680126083278702	1.4011035183977039	0.633964945746234	0.6593812638673617	0.7313169539423917	0.8457708672335982	0.6046494967877489	0.8956523306431275	1.6604400246888775	0.887230097523959	1.3229789720157166	0.9996836833486487	0.9673624548539155	1.3262418954996187	1.1484636327833169	0.8705215063675746	0.8945818371104943	0.8743356738347053	0.8082161714463196	0.4515592985352754	1.1534830024532543	1.0288220113621065	1.0645096586251368	0.8465938548906473	1.3663953216089952	0.8525304545904723	1.1197691486700732	1.1237633576851453	1.230594416012575
M12294.2:97..10389	1.2253194660831515	1.2145521297313138	0.7710739985237607	0.507816803363972	0.684806963868866	1.1734868157339795	1.2182515664304074	1.1578338596733508	1.1680668268552974	1.7768042384368803	0.9724378584466494	0.8593702130135428	0.7635641713587102	0.8048282471099704	0.7361740641933465	0.7216091600224162	1.5961256758492717	1.0714998292391495	1.0232468461575972	1.324418730776255	1.0278207560274615	1.350419897600444	1.365285326956465	0.7568793764175584	1.028919833443848	1.0381675253341411	0.3972183069495107	0.45656055940428414	1.1765658588297652	0.9674749770947721	1.1581578373935542	1.0077475788815995	1.1746545865942084	0.8148153867535556	0.7630764632238457	0.9919624047966296	0.8950329943937828
M91671.1:114..10139	1.206415707622588	1.3546692680611245	1.0488697211137672	0.7352386947955735	0.9065335854454025	1.0751052916932942	1.0601661412450882	1.1947464961069383	1.1089024242607506	1.3236621387119147	1.017452124309149	1.0408518867114587	0.9859110447829438	1.0057298650467945	0.7061020012201047	0.9876096119923611	1.3167675151863114	0.9207837430089497	1.0539528339250597	1.3261557714369616	0.9400289112227301	1.296119243092383	1.2275024359507396	0.9044508906813359	0.9276306933057492	0.6745722245044805	0.4647797017266259	0.7629049368733317	1.1391062183358602	0.7814454352777117	0.9053934321677313	1.0107136858895724	0.8401325312412075	0.8647625844644825	1.0231109313426259	0.9878205551123882	0.9124356685057134
U27495.1:133..10377	1.1777507160034408	1.1533270712158978	0.6908029444633792	0.585231149758342	0.49432092021832263	1.1435719359444285	1.056349739904596	1.4922598544642884	1.285392458358045	1.744545828649953	0.9549081057287696	0.8557811499313651	0.8843606097210306	1.0999589165262096	0.8594212853873252	0.6837572259994903	1.3629978997039616	1.100784536385521	0.9511489103941432	1.2158070847713507	0.8690178535443754	1.4177947912996125	1.3955773526715942	0.7963646940472381	0.9742903228197961	0.840207251112113	0.3280742344418325	0.4634837831915592	1.2117342641843973	1.0004795179777304	1.2996008895255171	1.047709058590139	0.9703046053543052	0.779975817595578	0.6630137150056956	0.9380102939789652	1.0778533727251964
M18370.1:96..10394	1.27035605571052	1.321149372470928	0.7147720204323977	0.5635753236310602	0.6031875185459306	1.1711743501394165	1.0774681390847476	1.2705249203493454	1.1491661458899958	1.8705028982926826	1.0011656476047908	1.0034909693086995	0.8379809541004766	0.8704280576275164	0.6586649517543234	0.6054169765911008	1.5058319930369253	0.9347221149719683	0.9823802175489403	1.4075646845733032	0.8638519775593356	1.2849895853337863	1.2167813933716154	0.7500580907832659	0.883630983613432	0.9049906520785419	0.49766134605336354	0.5645809857823115	1.149055184065193	0.8547118409207609	1.2348945266769666	0.9138671020298246	1.2703738892165666	0.8342673128226176	0.7021875020681875	1.0884951926402435	0.9660022928932427
M93130.1:95..10267	1.2020697591755798	1.105748240798581	0.35734044790799346	0.4219546381998489	0.45843825825765183	1.040893539793884	0.9847217097249593	1.303305228646808	1.5605843081485944	1.4486729595176107	0.7493050009038472	0.7120839579959566	0.8504855528229989	0.8601307992857711	0.4858421389206755	0.805166951178737	1.5271777637143562	0.9338009316430479	1.3212157123675845	1.1456340342419713	0.7153605325177893	1.2839392663982299	1.0873151428836385	0.9482364219721756	1.0039441277016987	1.1893097401731805	0.7330237515225335	0.5599793846478328	1.1458536278425906	1.037950099560134	1.1431332586710652	0.9256405573490901	1.4011706982081367	0.8602515608113539	1.0056640116869908	1.0595283114279055	1.1485524998045071
L06436.1:112..10359	1.3359951042509506	1.1219798866062807	0.7619552226765507	0.5087861620953249	0.4456475936143717	1.136215974259877	0.9379019290786511	1.4171237442042213	1.3459062655203498	1.952278502657227	1.0285118529263448	0.9164090210526511	0.8711108529061603	1.0240675276109754	0.782843607823694	0.6181415823233056	1.4227213811088295	1.0130287012312094	0.9743744746365482	1.1405415621766548	0.9326079776817796	1.369926875952733	1.342365950304225	0.8074108251544901	1.1098429786157304	0.9713520334465017	0.3922356251548798	0.48778587846631194	1.117561841139444	0.9675549180978685	1.2195328923262096	1.0156718999841037	1.137002552562079	0.8801507565216438	0.8365102919292682	0.980495298389349	0.9564332422758982
D00246.1:76..10377	1.2413731862320752	1.2516779604578072	0.7270816774119253	0.4577363216764807	0.5638810692576236	1.1124556565464725	1.1966566489248864	1.3861351037849916	1.240280348017997	1.6225581073484994	1.0008482279887883	0.8787416395770326	0.8592404513650342	0.9265546243793449	0.6876699959946145	0.7424959418507544	1.4715518599950146	0.9903506750298531	1.0254926493237513	1.1575660727670778	1.015117123215054	1.451632575053907	1.319805545388957	0.8498697837485879	0.935496297637395	0.7124783538034568	0.4939877159359734	0.5964523425335206	1.1511277573275875	0.8073607443456291	1.1890747276211262	1.0538891223043383	1.145393033925883	0.8477324148664812	1.0122319783348337	0.9431969159061704	1.0298075613771691
D12937.1:<1..>1488	1.2088613620337538	0.9175125540294122	0.441247142392701	0.4391666666666666	0.4518221025658743	1.1230156254178216	1.0107392154200527	1.9222268791641124	1.3872757462873966	1.7444222589649212	0.8768285719666907	0.8671220608157373	0.9311483051318848	1.0771747553529838	0.777487413510894	0.6408989502898766	1.4977243780348024	1.1163215997474898	0.9034265753902406	0.9851917744398412	1.0592290279358472	1.5406666666666666	1.3309842404617702	0.8369325453295415	1.0172076506336443	0.46944169554222437	0.42113126502789644	0.3933665062068212	1.2582225649866172	1.0038772693179534	1.4309486761085568	1.2760386473429954	1.1004322784921783	0.7311543548082372	0.8136520208844048	0.683925212966036	1.0488970295818634
X03700.1:119..10354	1.376863652551358	1.4776778650995561	0.4894667927489973	0.3068124630469507	0.40270741707889124	1.1997024744412192	1.3596097184580096	1.3929139148248937	1.315839344356905	1.7226395400767462	0.950584088231995	0.7774587823029911	0.9848379978390199	0.9291084011304227	0.5845480526281225	0.7071057511071476	1.3267063967381676	1.0769227909656234	1.1854412785189747	1.1736611671504902	0.858747826113623	1.4469726198571478	1.4567656353247131	0.7626684543212516	1.0463148513408724	0.9385851681492489	0.3915550475379355	0.48595193883313753	1.1010113577789233	0.7898557349657622	1.2195566578934673	0.9962005576556421	1.0667110566838531	0.9083682683005482	0.8303921933895727	1.0040191426606198	1.0400603958538308
blackfly_flavi_-_ORF_1_(frame_1)	0.8614419955346492	0.958558139282466	0.9568929673438613	0.8753156928841268	0.7215418792159146	0.8102102190614191	0.7378549763780383	0.9666077817960756	1.5726053757135967	1.3640147563517693	0.9587444520338592	0.8053537424142065	0.7151083084548899	1.181243765175202	0.7572278829329477	1.18710563783995	1.3992449266928582	0.9594124671427868	1.2184050715229335	1.0890594117509103	0.9334288930873523	1.600240606400492	1.1243130643344414	1.214467871712897	0.991586400903439	1.3251697084671676	0.47583397031544306	0.329489733533947	1.2636835783233524	1.0924747276975624	0.8416130077370444	0.9080996280819655	0.9746575742839553	0.7540904072274204	1.1458684037981106	1.0715383566360086	1.1368175272828795