acc	CpC	CpG	CpU	CpA	GpC	GpG	GpU	GpA	UpC	UpG	UpU	UpA	ApC	ApG	ApU	ApA
NC_043065.1	1.199736533601869	0.5034967236821848	1.0255098179191728	1.187782636980836	0.714362872916604	1.2245096033154415	0.7506439944000604	1.2525907669196752	1.2735089242133517	1.10502527930996	0.9935297776665765	0.7542800210881181	0.8214019230862496	1.082170254413597	1.1612815573937303	0.9185264271421355
NC_079052.1	1.070783323891768	0.5457369208273218	1.1772972988013726	1.1646483887954484	0.831089559168405	0.9517796499500867	0.8745103444907787	1.26073095453367	1.3125051118289812	1.1278731545768923	0.9470519217866223	0.7339755904330341	0.8146801537386881	1.2299236191785237	1.029756798517988	0.91289996100619
NC_038755.1	1.1500401905488558	0.3532173356814723	0.9882023395976891	1.4608796249086324	0.814627368778891	1.1117082539582634	0.9071182925546517	1.1116117772740077	1.1745300534612266	1.3959844382427875	0.8263819904093123	0.6786036325878004	0.9078912923160992	1.0330129647394821	1.232757464043582	0.8445747177740545
NC_009609.1	1.1808252833952007	0.411636187375312	1.0653767280818318	1.318106987299147	0.7775350205978117	1.1431537263813492	0.8236470592902939	1.182694116826017	1.2119882044233683	1.347531413328678	0.8052333924006777	0.7012644268907625	0.8882894914407296	1.0326174012439278	1.258925216875567	0.8477398662475504
NC_052231.1	1.0704961096685672	0.30102566628539223	1.0786923807531006	1.4402365710301102	0.7541825832741549	1.2616903384535736	0.796591953989329	1.1271974361234045	1.290578384115317	1.2655077850610617	0.857325989964009	0.7012639928831844	0.9139469149495887	1.06846570598471	1.2210507224323819	0.8295275860724427
NC_011568.1	1.0644812472757466	0.5499812644241625	1.2685356514370532	1.0839307237238298	0.7829145058273371	1.0570626191951997	0.7962294757561903	1.2963091844412826	1.3822251673677324	1.1956581236602857	0.8845753906017688	0.6608764829007153	0.7892961878487738	1.1063737728015344	1.0758454372802342	0.9977968313546745
NC_043649.1	1.1066156365869182	0.42371338994978125	1.0621127641464856	1.385128569679856	0.8329160473670358	1.2021350073885093	0.8726778830806415	1.0500411276193609	1.2120205716986923	1.3022623518417002	0.7453019035228222	0.7766047184403396	0.8939666566038847	1.0104169341242906	1.274986562673081	0.8456463295072904
NC_079122.1	1.0534775253203854	0.37137909848529466	0.986178862347605	1.402001589701883	0.788658984423828	0.9881146354945184	0.8119990366727775	1.2640109747893804	1.2719268012610452	1.312907533321569	0.9599156890426389	0.6862168892455949	0.8949535839401347	1.0753526203432042	1.1641179371130628	0.8727133342728918
NC_078467.1	1.0318947304565473	0.4180555660220164	1.2149174914723058	1.1631678968680248	0.8456123949081695	1.0218099214154197	0.7794437535295395	1.2736183233684033	1.1528652540046342	1.2172794422405773	0.9393784943551236	0.8405490053927613	0.9399654085501065	1.0582610432352004	1.1000366718302996	0.8933764688348409
NC_079123.1	1.125721508094351	0.432792727038319	1.0785007123754664	1.2115655188767385	0.8958809449693202	1.1755500120794193	0.7157152333000601	1.177926803432072	1.1879604861687973	1.2754769527292897	1.0150767788169839	0.7262977931698662	0.8465425740869519	0.9674227739213976	1.117765640405918	1.0033107730185324
NC_079120.1	1.028166570048574	0.4375563991978449	1.2196572810409232	1.158402518389166	0.7362727871117581	0.9715115587186848	0.795066151913501	1.3476172030881404	1.374436123812614	1.1863289900791356	1.0444828760444942	0.6337120327554508	0.8218206728523624	1.1521786205154927	0.9781570954140864	1.015068607160263
NC_055208.1	1.1194871003855427	0.3922296174403479	1.0344335375190155	1.362834495283673	0.8521823342948566	1.1789234642662707	0.8918173792631612	1.0620006916273306	1.1837902514923493	1.332288158045576	0.7941887995101423	0.7578470301609901	0.8746549745850439	1.0620006916273306	1.2282348419850528	0.8630557751389001
NC_038277.1	0.9830850558445934	0.4586485261242321	1.211110554177538	1.2477949645677104	0.8595650699391203	1.0296240843229065	0.7595997086970564	1.2350310302645326	1.1622754511865083	1.441576089498063	1.0749653701552762	0.5313069115125092	0.9968546488151636	0.9978266577851541	0.9909769360795116	1.010326493741757
NC_026801.1	1.1905051777143318	0.42106764305674205	1.068144663915689	1.2543889231085126	0.7809545174642138	1.0172031411367226	0.7936105041580173	1.2777747860265363	1.225319103951331	1.2657585256191162	0.9714711068680384	0.703897456644646	0.8664335860646426	1.0995748158675263	1.1334553917252248	0.8964583795699478
NC_079126.1	1.03693624974261	0.6183096336938626	1.0410505843616618	1.1813095080745195	0.8146647200696163	1.1454534162806396	0.7175716869359996	1.266329997429143	1.186043701960779	1.1651163976034002	0.9874810043914097	0.8063910252928765	0.9281717563442654	0.9662302493848938	1.1661897606486022	0.9097505885584688
NC_079127.1	1.2234422230082682	0.37080613389740796	1.110482311264081	1.1742779219383606	0.673781877447729	1.1003886101594709	0.8018820457523727	1.2779090453856063	1.0922776832105714	1.224825929640057	1.0170114393751992	0.8021578537774867	1.0057345025542666	1.0419188732412261	1.051618489868437	0.9250088179312285
NC_055292.1	0.9539684804278515	0.9313602030258418	0.9973683719134468	1.0879319560167544	0.8420516904069254	0.9654250214104855	0.8086497952164908	1.3034673279587619	1.2417378305589069	1.1031292004109354	1.1118323072353622	0.6571523706722108	0.9401566551994902	0.980743905923956	1.0529373211907014	1.0077325573455567
NC_079051.1	1.097481033390639	0.41611524960301416	1.2666754570651586	1.215133941492818	0.6551601802260223	1.1059760798761038	0.816260682021425	1.2939480294508783	1.3539286358178655	1.1321581776059877	0.8838981020006017	0.7495367070985001	0.9311763256913383	1.1841584996792889	1.0813316227741028	0.8157369943545968
NC_076978.1	1.039201132391045	0.5892220676021007	1.1937084212194498	1.0482210587909746	1.0139405122696048	1.097683159624095	0.8067361010012108	1.1076132759024262	1.2252254752450455	1.1262874137354568	0.9717601402843331	0.8346893135338839	0.7717286926991983	1.0424595537905188	1.037997971297951	1.059190501149426
NC_031304.1	1.0606064518171794	0.618874523505253	1.1879988349844988	1.1084410291337934	0.8048750633565586	1.1764285481771743	0.7797602898151638	1.2202902998423861	1.2479660340219154	1.1473851198971543	1.0887037433658118	0.5683177976515165	0.8905801097290107	1.0510966754470614	0.9457611834655287	1.1027371620731399
NC_022755.1	1.1577752058253385	0.5201431505314552	1.1127356719471915	1.1433807263941382	0.7113420161418321	1.1787315277536834	0.7951498644463023	1.2396768362419985	1.299046252964463	1.1998954868297909	0.9975899823625365	0.6592122950730859	0.8431138603423788	1.0218025980593113	1.0742294269277937	1.0248448585480532
NC_031958.1	1.0830560191143257	0.5019799243145082	1.1228862620575408	1.1323426729446884	0.8096450392169486	1.088335677732765	0.8064658347657553	1.1827193117511894	1.2269374986960773	1.1648950946616465	0.9474364602116574	0.8624263184550088	0.8884797177773834	1.023456887872994	1.0939794839976404	0.9589210281705921
NC_040602.1	1.1144504949160987	0.48897900860537796	1.0251936618718795	1.2043832326623414	0.9105126367134624	0.9828485302701595	0.7776688983712393	1.2148322334020714	1.2074503128713248	1.1813317799410565	1.0162362783483472	0.8138235510616647	0.8434204217035987	1.062023147439547	1.094274373097714	0.9541270719521393
NC_076936.1	1.0584245877240923	0.33367677755711067	0.9788332943948382	1.3555720238271338	0.7001253814814377	1.103239902628545	0.785862729687626	1.2523647744467346	1.2984523292992753	1.3410739244564518	1.145543968122241	0.5604153329526913	0.894482020530164	0.9661483614025775	1.0082070057460797	1.0596721064653107
NC_077158.1	1.1109112002188855	0.45277360690817803	1.0760088100548582	1.1656569482932273	0.7890245943914572	1.1448242342351702	0.8144142255747995	1.1509650716543778	1.1089478552606191	1.187614748643337	0.9558880817756682	0.8982952771732892	0.9803978271158228	0.9999334559169255	1.0958171832438977	0.936739980732163
NC_055530.1	1.1130372054304165	0.45182625168030055	1.0090776831929613	1.2778167842180137	0.6739949610700615	1.1485607248235172	0.8163812356369792	1.226409901361943	1.269484827242758	1.2655485177924601	1.101292627509805	0.6102721163009165	0.9257491831542558	0.9728483605740306	1.0280356300613813	1.0328368430128942
NC_031305.1	1.1301842797825417	0.5344333807421741	1.099457337498912	1.208191806966584	0.7014438122241035	1.2043371114804977	0.8342288665502289	1.2143817750747243	1.24714563656593	1.2039256667555325	1.0331304992755042	0.58689057921555	0.9390945408694813	1.0476228159282506	1.0308739961162026	0.9855396378322009
NC_039020.1	1.0521640642943717	0.5612192365206529	1.0918502817340463	1.163574024205475	0.7954672656770992	1.1623671143747907	0.7687715887432234	1.2091028110007689	1.2024625651776915	1.1969481698153983	1.0340521070006925	0.7375276156739313	0.9266607563904428	0.980095739695099	1.062438430146501	1.0001646976168346
NC_076937.1	1.0556017886124451	0.5023027743297648	0.9822621917679625	1.277821419799936	0.6473527733340818	1.1774906763516535	0.7738803390618173	1.2433216804534233	1.3381831074085806	1.2496130948640292	1.1228103138798864	0.595530185290638	0.9113873361808368	0.937944425605214	1.0438399898475457	1.0442420623159359
NC_077130.1	1.085280479693566	0.5412380686843883	1.1322418436231128	1.234706465739796	0.7992529288243432	1.1861679331617532	0.8332818224461914	1.172470721616987	1.1699308925093188	1.2765501603264022	1.0218083629099237	0.5538438794397206	0.9584479414418507	1.0065815787503152	1.0138916180065853	1.0182515321905166
NC_034535.1	1.2811249724031917	0.2819317690796484	1.0467248762320205	1.3030694183815204	0.7698906001790398	1.138546598084012	0.8366831968235016	1.1794417869179266	1.0575344274495628	1.2883708646738703	1.0778330170429042	0.6927578235634778	0.944879720437785	1.084618823872763	1.0218717428576534	0.9543217038397077
NC_034454.1	1.2504782217312138	0.19808690453705993	1.097841358694961	1.3065674268228151	0.8380599807337151	1.0946247030446408	0.7698003375649402	1.2179169808052717	1.1515818447849242	1.2870335702706563	1.0229767104484175	0.7176387846017749	0.8481227156569151	1.1018020144149385	1.0793833349920716	0.9440811485198162
NC_031957.1	1.0737705425341373	0.590626473327481	1.0357054246378277	1.1340097089690113	0.900811599607381	1.006349620492802	0.7525078972752828	1.224552081012658	1.222471976621698	1.199309461282482	1.0192402823972753	0.8251435810104055	0.8457021558412966	0.967662350974133	1.085755227683121	0.9946404762028032
NC_038276.1	1.256883457076331	0.2762820189657255	1.0841017078927864	1.2649592720787746	0.7508632289633025	1.1546981610980267	0.772457299712115	1.2293491016566338	1.176097027530943	1.297412974822593	1.0312272558482718	0.6723069310323624	0.8696594995541574	1.0742138491676207	1.0775908580597207	0.962695191409299
NC_076494.1	1.084905146564903	0.5657157291909907	1.0564918581103737	1.1628101409671407	0.7646203463038048	1.1515496506699399	0.8250748427681922	1.183573855476166	1.2490721457045983	1.1336658272681066	1.0184648771815619	0.7740631429942763	0.8834928225102819	1.0287777378039358	1.0575363285297879	0.995811694515646
NC_076981.1	1.0683260283097524	0.5106517003009959	1.2118110698403342	1.09073948057616	0.8876749182802359	1.132404320982701	0.7391497886247405	1.2209672631678241	1.2357059360061997	1.1330679394487038	0.9687304925171318	0.8026913746756712	0.8140327096925325	1.069389322751773	1.0821910974561713	0.9844170641185757
NC_076841.1	1.1658826388870733	0.4279887617320968	0.9350824480967239	1.2809825316534362	0.8595440964786278	1.160731801829132	0.7397981683943676	1.185565902400036	1.119033093623948	1.2069552014537421	1.1522391967299355	0.725515248639275	0.9100765726294893	0.9589910854969179	1.0304419473427384	1.0291122364665033
NC_076842.1	1.2073618328151074	0.4892018820217319	1.0734908127551102	1.1799110778865924	0.7757865666389405	1.174675102625221	0.7641008247892308	1.2645166141031714	1.1678970969974034	1.2946853433566077	1.033142039775422	0.5957364130981457	0.8556946085551448	0.9728156224407352	1.1015729650647805	1.0372167137362325
NC_034545.1	1.1413724983022902	0.3997951865427878	1.060262452910514	1.236210045882513	0.7967749140254151	1.1514222034963437	0.736112173668837	1.215205134094142	1.174225403703199	1.254700835632536	1.085791561810945	0.7048849955241138	0.9149259046703031	0.9777222180757443	1.0573274932861707	1.0053912533284697
NC_076932.1	1.0548204246747284	0.4107960346618649	1.034728940458558	1.2639163899454808	0.7633448703791369	1.128559379205095	0.7295149426490367	1.258391961842592	1.2611379600598547	1.2271310955818233	1.1110996891918414	0.6717268219316491	0.8870454872143414	0.9995075073383898	1.0374159412071802	1.0186840830360222
NC_034539.1	1.0789228771217891	0.4496326017057671	1.0844949094522485	1.306765094810489	0.8189736673926473	1.0418167145014343	0.8029841815054575	1.2352340094707552	1.1701129286195313	1.2679474483698308	1.0605232231015869	0.6444077667237328	0.9550030622050681	1.0784358939274714	1.0528352245063803	0.9245703142198171
NC_076934.1	0.9843690409870968	0.48544366268238215	0.9410081050143553	1.3503174934833875	0.7476948367751634	1.0935303670038203	0.7909256881107017	1.2420935179027337	1.2800758027725643	1.3161003450162077	1.1891313343954215	0.5273248755174583	0.9172570902478869	0.9249350234809885	0.9894136839605919	1.09149684317435
NC_076935.1	0.9038587993401351	0.5098815144093205	0.9570763520844204	1.3678732886562839	0.7673716791860273	1.098044228456386	0.8083321608435761	1.2142463105647647	1.266112747571562	1.3127182855975958	1.1780425774906473	0.5404090702720333	0.9723794899795756	0.9455731204720241	0.9926663063862171	1.0519571791804663
NC_076933.1	1.083498923321846	0.5375303037948221	1.0123799152607098	1.2476985078430516	0.7595536901448574	1.1221900653650825	0.7535884269266011	1.265884160275529	1.2331648967803328	1.1975038767963195	1.1212656264994691	0.6344335633804142	0.9103578001669671	1.009303710002516	1.0516917706749813	1.0000010300314655
NC_076938.1	1.0624541824917018	0.4586640844722885	1.0333819668871664	1.273268898514894	0.707213895610903	1.111223784651755	0.7537919993986524	1.2810956223456864	1.2869609366214712	1.2293803536584207	1.134484799271508	0.6047015527821961	0.9121692108966134	1.0136141187790046	1.0237073531352139	1.0162721977618168
NC_028255.1	1.0123067993024994	0.5475545258996501	1.127426660840297	1.2238449330051047	0.7921665134149578	1.1256849882223836	0.8041522063802007	1.2149129428175465	1.248402397920031	1.304409683605093	1.0033563818057667	0.5955675368295411	0.939033093757373	0.9651299804083414	1.055672653517461	1.022082701592121
NC_025364.1	1.1082565145768084	0.5544329737064729	1.1053559734385392	1.152711768107076	0.8064479617548698	1.1148483056832301	0.7834237615453103	1.2234051477012362	1.2590695384948358	1.2007326563090497	1.060189380442137	0.6485518695743759	0.848907531619839	1.0288615329653938	1.0340322026492121	1.045602196692586
NC_002803.1	1.0959582583221497	0.5436287570292551	1.0964485270442321	1.2088074642606923	0.7328035992189226	1.0705573891175768	0.7822782128437579	1.2780711302509034	1.2899394435814495	1.2286458584702733	1.0147615098176237	0.6433029327799957	0.9151760580222752	1.0402904548553866	1.0940680159603449	0.9468576500813671
NC_005093.1	1.0291167302100142	0.6366499113320778	1.2099948007820855	1.133511157872404	0.6783518705896376	1.166860536178194	0.7948143149121987	1.3069360257353906	1.418843218451322	1.1588789217427296	0.9692349628448493	0.4919633767493318	0.9473943893658121	1.0810619673415618	1.0026089070461066	0.9778178246665743
NC_025401.1	1.0914347972981784	0.49324678683382195	1.0210584923931005	1.2707556228366272	0.7986977786804549	1.116973323194797	0.7982797616828152	1.2115821370850572	1.2644195838443058	1.2697166775445534	1.1492810029426603	0.5365659875281853	0.8547888542102493	0.979937002389955	0.995030687646786	1.1016069738740168
NC_038287.1	1.0719864489948963	0.6444027687632825	1.1503163516433523	1.1179780637413597	0.8050850175977634	1.125351391290575	0.738358338416841	1.2738446926222828	1.315582285520989	1.1341184078082676	1.0192182243399337	0.6220264533669421	0.8345267399871155	1.050499853548855	1.0917198977460616	1.0046286961430944
NC_025353.1	1.0230835954992616	0.5671733485829418	1.0327325041005229	1.2685583191505814	0.840774576596544	1.1087100964057688	0.791174736888442	1.204871678765281	1.2396153998731034	1.2404270584161814	1.0589088107849738	0.6187822252418691	0.8950303882568655	1.0005673506268202	1.0787326493521354	1.0014712641750798
NC_028236.1	1.1034159847662304	0.4785680023671469	1.0772079097542935	1.2675137466032593	0.7634299085380677	1.139068246552786	0.8294878712083759	1.1923061734974798	1.2375689578083306	1.2629815326536211	1.0435711301584862	0.6041357286470476	0.9149409573182149	1.0180363962985841	1.0437163921578516	1.006072478104448
NC_025371.1	1.1149227403794553	0.5475522817604589	1.029690494687194	1.249621109321636	0.7319513319753213	1.1122274740513036	0.7879462176318032	1.2499460482266125	1.3036617155950367	1.2141116816427784	1.05311270861834	0.6007920385729583	0.8952509439916199	1.0358404571906663	1.1022313081212056	0.9603530995572753
NC_020806.1	1.0810489496910134	0.5010709008247265	1.0904691729754756	1.2306497245849137	0.814497966361181	1.1071029309716212	0.7701645327491166	1.2347856360790543	1.2499654590068647	1.2730984868835298	1.057742627634176	0.5987688036663356	0.8697380265095305	1.0003813088980722	1.0596915518123635	1.0300027195285884
NC_038284.1	1.0062963794671975	0.517996247260381	1.1666584574162706	1.2136287705437239	0.8055603404086072	1.0934691038334365	0.8060564980187059	1.2404267834783522	1.261862951174998	1.1882640994777605	1.0874886165311788	0.5924863896573284	0.9084047683710509	1.098434084721651	0.9522913427634071	1.0325787914020068
NC_076939.1	1.147867933124336	0.48211119781194894	1.0438029831432836	1.2720328509852097	0.740581459756758	1.2088537542430238	0.7766194379828715	1.2325743693522708	1.2030538914476214	1.2199933344371812	1.03337223058108	0.6386805408366203	0.9098776157635382	1.0045209618069169	1.117399044937195	0.9519373767785824
NC_025376.1	1.118291597424736	0.5240740783306442	1.076653375931217	1.2447245118682477	0.6981481538185613	1.0982299359272074	0.7859086026835367	1.2878810186665994	1.3269522804212095	1.236887931700071	0.9912925257025362	0.6063493550390516	0.902685518164906	1.035052763389193	1.1301219496642245	0.9293775131868062
NC_025356.1	1.0646907314416467	0.5573972987011395	1.1039634989581688	1.2116630920074274	0.7174802599198058	1.081009389397475	0.774771661150744	1.2889257645550083	1.356722818584955	1.203336300488065	1.0155219493063492	0.6147148501730199	0.894632963991147	1.053711661898887	1.0932079737713856	0.9522671957873535
NC_031301.1	1.153814917588276	0.3753214604872905	0.9256857061271222	1.3159837185625576	0.8375228886799723	1.0953005772744475	0.7217234504002168	1.2179671520439155	1.1675734283311943	1.2864801414084581	1.1707454953171683	0.6688601492278883	0.9023389688287031	0.9556731292707493	1.037830389506699	1.0282334812098897
NC_025394.1	1.0522929079443146	0.5767253676687266	1.0298885182560358	1.2422452612654658	0.7268026008910717	1.0727723833412754	0.8219413790398046	1.2637825685680337	1.2878022809753862	1.1952827953720675	1.0724057200040147	0.6289681285435705	0.9153386135640273	1.0313481866102947	1.0465359875932951	0.9881535273979241
NC_077111.1	1.123093642168086	0.6254017034534926	1.0711846732753696	1.1118542599678731	0.6508882932494029	1.2253484650560538	0.7826837884594884	1.2931038356034568	1.3211782674626908	1.1035066482834766	1.0408575489044092	0.6548111616006675	0.8618267316585146	1.0173369402758687	1.0655864602776464	1.0281881975641922
NC_025342.1	1.062867776747313	0.5846018713158314	1.0995004515931328	1.2050904598928778	0.7741545992879344	1.1176995081414633	0.8031258828033461	1.2447820576830935	1.2756815328573143	1.203954705482164	1.0315970421246707	0.6019056206704506	0.8940527061390139	1.028637892855276	1.05992941966669	1.001647049106017
NC_020805.1	1.2099407716721773	0.5602968545482636	1.0158963468090156	1.1794753864932501	0.7463954526660798	1.0851497241617434	0.7788558939884608	1.2891505154686547	1.2345723401051938	1.20811169919801	1.10935834534836	0.602273985350666	0.852668604341468	1.0371744028696481	1.0600022142171721	1.0136829227590913
NC_039206.1	1.0979931970158616	0.5236061369818774	1.0801169188854336	1.221349571406312	0.7515288083739887	1.1733071955727135	0.7176056329959963	1.2761361444384594	1.3385180956522837	1.2424000555102401	1.0678588136789322	0.5487334459075076	0.8243729361173363	0.9535821741290393	1.0996145765348098	1.056201873317053
NC_024473.1	1.1805133388542768	0.44880641053671766	1.036849516644019	1.2218120294845625	0.7185435966673713	1.1955190787807943	0.7408636887492126	1.2545026168146667	1.2804047722315404	1.224439987681753	1.076550980303008	0.6278418777529153	0.8419208942666733	1.0022953198925515	1.0821747381715585	1.0206413109687975
NC_025405.1	1.0503080484943481	0.4208589033490153	1.1549681700648498	1.2362080686086188	0.7738373384159314	0.9925709349333808	0.8207306959022542	1.2764439235145124	1.2754704671021133	1.2206122575918563	1.1092947117375815	0.6098975764119928	0.8985047519676982	1.1394175448780417	0.9467066857738395	1.0054210799761898
NC_001652.1	0.988546776738844	0.671737440111469	1.2425981335395315	1.118375716238786	0.7086010801175862	1.1605516033925833	0.7653324801270004	1.3000650523654405	1.4508172802407504	1.0944254465816106	1.0165726598100706	0.48601157283660357	0.9489248501420002	1.1121348566769709	0.9546090502295503	0.9862176680341083
NC_038285.1	1.1467221736607085	0.5764390670961435	1.058070325168762	1.1691943956477249	0.7692412124047512	1.1670531197032912	0.7446922169946214	1.2498235450026416	1.2313314435986227	1.1932841489019184	1.064591337874922	0.6469177437035177	0.8743285568457265	0.9851398397076606	1.0962275076750736	1.0099304115473169
NC_025255.1	1.0830809538635315	0.5330583140793556	1.0770862761601065	1.2330891152344967	0.7672809066293754	1.0908852042685182	0.7714638775345318	1.2875956355300773	1.2566006555201241	1.1976870142939415	1.052201827827876	0.6369190604805853	0.8913340795515277	1.049965147127335	1.0777797026839837	0.961004251073512
NC_025341.1	1.0564917730253085	0.5323878577155563	1.1463369369143785	1.204521747232189	0.7734012797894906	1.0483713154827285	0.8512746316607822	1.2518505417554737	1.250249493785754	1.2709589780389998	0.9840110565754645	0.6195203685187752	0.9216091660317459	1.0623324885751908	1.0274106874862894	0.9832300082075045
NC_025406.1	1.1531094361788905	0.32724618885427087	1.0747689562443066	1.2855878667004197	0.7936941147584927	1.0967906338364004	0.7828285346341216	1.2096739791521303	1.1789056192807752	1.2575058767084897	1.0455459555151692	0.7156566378380369	0.9148036592832774	1.0724572292781573	1.0633166283439304	0.9481948355850596
NC_076211.1	1.1205216678508907	0.4066831198110971	1.1009261495762204	1.262411079983317	0.7693438400550137	1.1754189982691903	0.7127611177164036	1.2390129078214158	1.3052786622902008	1.2642293100875004	1.0954300128578127	0.5637782893514289	0.847909746117827	1.0132965504709912	1.0657434581312457	1.0271563970248556
NC_033070.1	1.2114267088253607	0.5925408814489066	0.99791984331786	1.107275100436558	0.6537628175395686	1.212858419715824	0.8583874417838065	1.2225480949266658	1.099247088947058	1.1648334515725027	1.119849272719319	0.7316998450009754	0.9832180570026645	1.0013251063208881	0.9841158529831556	1.0243061078486064
NC_055457.1	1.1472646477178636	0.5755227269767387	1.057514976726072	1.1980085186802267	0.7872435229111865	1.1697977705963942	0.9365425337040031	1.0937804615442244	1.040458283553071	1.2523533880925621	1.0403248343854086	0.7027870570529802	1.0236317231834382	1.0109790102429523	0.9708461519368243	0.9943849284614823
NC_025391.1	1.066589365370607	0.38993447233362694	1.0976228400987165	1.2535346644932448	0.7698706248638274	1.0843078942334283	0.7662293002827932	1.2686832691499346	1.1834304888360754	1.3073691079271805	1.0761428288991504	0.6511843294930031	0.9492786779657584	1.0075995353745084	1.026506709604244	0.9997080088948568
NC_000855.1	1.04619979670523	0.54357796896019	1.2013534304539113	1.2033157184361791	0.6362490221925886	1.245982860584358	0.830121256469069	1.2496011624782133	1.4350413580216583	1.1447496556018852	1.010953516595544	0.4634751147260634	0.9557492798261641	1.1068997951581705	0.951424162903008	0.984587460084226
NC_038236.1	1.157787156373656	0.46978993537219677	1.078276203703788	1.2035936942262309	0.7788622612749577	1.1531527388372877	0.7604956543581868	1.2461567039028254	1.2280825159740854	1.2128853617926023	1.061495957328473	0.6478405613747729	0.8532723411966154	1.045763027343372	1.0645366998695123	1.005523101727726
NC_075982.1	1.1846131490185818	0.6243691183558394	1.0122111900537878	1.1646193234145794	0.7199932175634906	1.1543284085806524	0.9618900804922116	1.1565660248250973	1.1071538432812231	1.2913686632582126	1.0185510167022234	0.6077076647361795	0.9940905008033641	0.9638050206875811	1.0084424291636602	1.032738553576852
NC_025340.1	1.1538973434142075	0.6374151496729076	0.9862133490051379	1.2012219785448577	0.7646057873369969	1.1297466063422905	0.9661942022719634	1.1238813564087942	1.0785730118484762	1.251838045593077	1.069665989163898	0.6412555844474772	1.0080739511576888	0.9972468373768174	0.9844826924226687	1.0086467892279904
NC_034508.1	1.070005332796809	0.5218041583144989	1.0542696198253099	1.2261045273811109	0.8314928051190388	1.1295286727353802	0.755533796226356	1.2331388110343275	1.2576395310570438	1.2066686456259776	1.078791665587731	0.6298672472457155	0.8446185033624184	1.0399965876193122	1.0597930821256036	1.020943775489198
NC_025384.1	1.0211058724847744	0.8249204489750601	1.1395470027178227	1.0484246596919868	0.7867524879030797	1.1031650671441644	0.8310081140208848	1.2685646349509916	1.2661633363531362	1.0989287628035744	0.9909278568154891	0.6056670819582126	0.9784381968067889	0.9887539837634983	1.0443117652705671	0.9970780473164121
NC_025378.1	1.0852928042343897	0.6559152274673594	1.0775518072035368	1.1652046634361684	0.8142947580021608	1.078876884670959	0.8429470722348861	1.219819402179889	1.2401409852135379	1.2100842988180247	1.0081734194610945	0.6128664544329044	0.8826882130734786	1.0242857188155967	1.0683229984640945	1.0136923405182783
NC_055456.1	1.1978501110698656	0.46479197248344856	1.0711965865917286	1.2047083836924986	0.7571271949956628	1.102612533199204	0.8151732050358107	1.2359800838531978	1.213679465898	1.2551079506106928	1.1054420614206462	0.5924043072679664	0.8650750466970154	1.0242435576203486	0.9974047914986148	1.0668633206477938
NC_028232.1	0.9577386106011484	0.621610051991384	1.041720157456277	1.2237585361771341	0.8195008925129855	1.0537935716018199	0.7101344230499853	1.2879140819285657	1.4025290929873147	1.192580006422509	1.1793902263245415	0.5275083811079065	0.8215843693583577	1.0184656463619366	1.0176884223981215	1.0698581904555502
NC_055461.1	1.112472701869424	0.6581169263237971	1.0699501847434594	1.136010855401584	0.7656801228842457	1.1662062440535876	0.923974259834744	1.143965589344727	1.1238218024368363	1.3050114324745588	1.0288114739410965	0.5837157626331335	0.9952661476527151	0.9283562285678696	0.9757636629091188	1.088888375753893
NC_025399.1	1.090146579296746	0.4898851329243019	1.1017156504055505	1.2673129512434265	0.7244780134796014	1.076911457996591	0.7448637584476421	1.3338538215613143	1.3374234361500028	1.2308419423128718	1.1018053369244483	0.4963857045647736	0.8907320194594697	1.1109423879670568	1.0537524539163745	0.9444665299937605
NC_040664.1	1.0935941409440293	0.509207997250958	1.1790264787169664	1.1501934547279942	0.7677901833549601	1.1069631724893467	0.8042746835037018	1.235666184492849	1.155034660836098	1.173449948062778	1.0261302001319372	0.750836547119911	0.979794424397921	1.0824636697488168	1.009409940148238	0.9440776597517934
NC_038286.1	1.1084756298899292	0.491226479494287	1.0915705962556155	1.227850117104149	0.8276306055292849	1.0990105571604951	0.7518547266345329	1.242185791320966	1.2338003599749499	1.2475331452020575	1.113012161539208	0.5751473646535393	0.8638352591257239	1.0551767639137217	1.030379834746109	1.0223666093254866
NC_055460.1	0.9905857871657158	0.40503558063039513	1.0197351369935372	1.3088090030817991	0.7397524840680133	1.0904928237839855	0.7107663011783026	1.2913234475991773	1.430353674981393	1.2628649542575763	1.1761887497484047	0.5297943217976102	0.8100711612607903	1.0134437183689746	1.0100019829343603	1.0701569311557426
NC_039200.1	1.2765994977489972	0.5349565195054851	1.0436073336194602	1.0748145331189174	0.7524185193044629	1.0753878011784332	0.750682578045636	1.2346127956074036	1.1399764792915275	1.17099563441681	1.003949037433851	0.8834471753861645	0.9115288527953423	0.9797675875301534	1.086825563903981	0.9691442992298391
NC_034542.1	1.0827164367095437	0.22594995054807326	1.0318121070082455	1.380183420380841	0.771536416505616	1.032612481220807	0.8308090658219979	1.223902170850617	1.242425439712176	1.33844102714076	1.0903498310393789	0.6215430472489373	0.8952969374456662	1.0551311871276003	1.0090212233900235	1.0086533544216805
NC_075304.1	0.9489562720534716	0.7565570386909828	1.0336836820321624	1.178711639776036	0.8356003113900407	1.0284437503293327	0.8012909692252626	1.2691951181460566	1.351477342954447	1.1133879952822037	1.0279273841222862	0.6940879605750989	0.8357575322658394	1.0342562079618332	1.096241929148654	0.9920883780521674
NC_028484.1	1.0546656112088255	0.8357501802580295	0.9674702168999978	1.1179835441799566	0.7716026883522596	1.020506803587123	0.8095330819820716	1.3050691435133701	1.253576793863587	1.1463566678781836	1.0657092434197166	0.6559873242068031	0.9204397169112831	0.969730188133137	1.1143881049778221	0.9792411958997215
NC_034548.1	1.1603165007509437	0.546055693485606	1.1047606430303378	1.1610981369930125	0.7522997503776515	1.1062287859684143	0.7652498404230782	1.2550363611021875	1.2959338657843398	1.2027417303253285	1.0931442585978635	0.5986438261463005	0.8542259483087092	1.025583729986552	1.0400351979606923	1.0349318643098744
NC_031302.1	1.1860707898787657	0.5420883780390986	1.0753233714019816	1.0845070584073275	0.6963585883901464	1.3292457230579557	0.85355853346158	1.1266249287003478	1.1566245678132585	1.1684803310895417	1.1112957702910982	0.7068958701171454	0.9277863852270779	0.9690943519032956	0.9455487493447288	1.1102620371550873
NC_034550.1	1.1676775620578828	0.33543116539913087	1.0999402773571594	1.213693191471372	0.6681352481527404	1.1915382540595345	0.801317526615566	1.202100576942106	1.2281072314144281	1.2090329021929576	1.036185726105375	0.7509841744147936	0.926159891746234	1.0309035907522086	1.036410372801876	0.9878822389186737
NC_034529.1	1.1500950536899026	0.34294832613618387	1.0928634771346288	1.2049057968277694	0.6580900312342989	1.1487853138641746	0.7943567909667789	1.2255856250732804	1.2432575336210459	1.2536680443574708	1.0821657912831089	0.7052521084128712	0.9224311928032459	0.9877293750590586	1.003440499873152	1.0346212229978604
NC_076030.1	1.124905943017933	0.348210154266359	1.152898638955487	1.2211842299951468	0.7863553814889298	1.105520615455439	0.7270133608783068	1.2695441317695053	1.2441996181274277	1.2428610152774373	1.1475251287773989	0.5957280587374894	0.8685272089225625	1.0829186888014541	0.9712750269656025	1.0412438848993366
NC_007020.1	1.1062690948582803	0.556258021519745	1.107969582316669	1.1799954098889938	0.7368139039146788	1.2170847397161801	0.7862626007368125	1.2195684012012096	1.2618542465273175	1.137687797935701	1.1353081775996179	0.5683492404738363	0.8853666939945022	1.0117023738120066	0.9657496859614014	1.1064498486368026
NC_034443.1	1.219488481791634	0.3505842804905876	1.0496823708864613	1.2620566457742717	0.7732745477487428	1.0960355485213533	0.7989243507586132	1.2160088074124729	1.215819149012376	1.244700981254361	1.114331278106251	0.6462243159742099	0.8580732529581897	1.0503531159781971	1.008073474566257	1.0303709614267715
NC_034540.1	1.1952637293818853	0.3759541902872909	1.092263787833297	1.24119712767455	0.7696003424704543	1.150728875698324	0.757976033693632	1.225086913105904	1.1948322160153364	1.2398014061554286	1.1012535422492116	0.645982903949581	0.8865693769103928	1.0365196137356814	1.0300544338318585	1.0119594729775618
NC_034549.1	1.1342474657385422	0.6473056854958057	1.1416925890936978	1.0543844800050282	0.6912973340246467	1.2147088374257926	0.828311386233879	1.2484361004024116	1.2826247166750897	1.0336071514966647	1.0734482959228957	0.6515455260182167	0.8800266297958633	1.0875693341611317	0.9555170524970787	1.0716942570268404
NC_025393.1	1.1677297880814854	0.4599279775696422	1.035429892407778	1.1648059343118624	0.742403428360446	1.1564640419502654	0.7963460008409786	1.1807817408788226	1.2259998112558355	1.1616717316090732	0.9687053211517108	0.8691601129900788	0.8807893929992459	0.9888887169006823	1.1077677515820195	0.9614839716214933
NC_020803.1	1.0604524363754257	0.44005209863872335	1.194426354727312	1.2308581334178372	0.7980605856668372	1.045123734266968	0.7629743199202296	1.264235466223206	1.2592401879295692	1.358245373481755	1.0533270179740972	0.5409569546011331	0.9203961488727131	1.0367179133479305	1.0184683404527506	1.0073643960796284
NC_025387.1	1.0478234791807421	0.5363459634607434	1.1305566376167924	1.287970397860089	0.7756831407039781	1.0927226847541898	0.8297343621040343	1.2456237927880842	1.253127685347001	1.3287253909603598	0.9763919351506429	0.4948079206222439	0.9581409414768702	1.0256648596225786	1.0711775864020006	0.9511858104088636
NC_035132.1	1.0223081754812402	0.8546142936311683	0.9918526128316708	1.1057727924610563	0.8034080652937635	1.023632456128388	0.7966866203192743	1.291690255614249	1.286639678385911	1.1321336183484423	1.0989253580252507	0.6115935659728591	0.8951494034208551	0.9706129635044215	1.0813518893731626	1.0271856183348167
NC_076415.1	1.0992930779203234	0.6337187502499918	1.2035797660510783	1.0724306581452299	0.7027778448285166	1.142151622485068	0.8443042345654634	1.3010152463109628	1.3030372557008083	1.1100765240547659	1.0894356917501893	0.5098513908832611	0.9126226413526525	1.1261114386373068	0.8693252647925267	1.0852352932148792
NC_055138.1	1.2422221164447163	0.5459385277300267	1.199245406826314	1.0038628156521068	0.6068165649948858	1.2817072016161022	0.6993676307365917	1.2942279460068113	1.2731484851181318	0.9704287467180116	1.127151317461734	0.7456356827972362	0.900867314730208	1.1105626745772734	0.9823121776177074	0.9992282053070971
NC_076400.1	1.1081021267648208	0.8136328764812559	1.1055025495043511	1.0668760988981276	0.7145635884122947	1.204030988895828	0.8489330580693983	1.2599489320665507	1.3914685086821326	1.0871459124052558	1.0276121956992041	0.76301553860428	0.8972775886113329	0.9994531613017366	1.1082415892119801	1.0693637412901533
NC_025359.1	1.1548489477250088	0.6527207751031242	1.168769877455062	1.0178958358130932	0.6527207751031242	1.1647222650655806	0.8596726736815989	1.195935651885451	1.1651846937818868	1.1050783581125982	1.0379173644293727	0.8030849176621461	1.020676971976517	1.005566988548216	0.9698794774842842	1.0079455323823865
NC_034451.1	1.1794239128170894	0.3026058025683786	1.0283923108410202	1.3552528400788397	0.739222746274182	1.0973874971577957	0.765562284825865	1.284670614077004	1.310426322509795	1.2948049734115832	1.099983699683352	0.5325556895240285	0.8089725102673251	1.0734245857584144	1.059248380631279	1.0066907687501436
NC_031240.1	1.1693874278851697	0.5556646835019831	1.0244312490850433	1.1296024780049643	0.7807088803202863	1.236861701492272	0.7103972965199457	1.229650379844579	1.2330800176799936	1.0640031257294253	1.1844222886175972	0.6951724595029521	0.8341007988361399	1.0384919415225442	0.9830890243631185	1.0754280308258382
NC_008514.1	1.0571546958935565	0.4847629853468199	1.0994524721611527	1.2618427227098772	0.8830255123417908	1.0416714991991698	0.740000872363683	1.2548202060605746	1.2510436463530694	1.2965179218666987	1.0400917899058886	0.5810871085096506	0.8482976287125225	1.0786627540559173	1.0930237357763102	0.9699725270573842
NC_000903.1	1.135909122949972	0.5387498755250973	1.2183555259515069	1.1184791085432397	0.7313674385488552	1.094594075797851	0.8002679699239681	1.277771407153165	1.3224447235468035	1.2020554011048035	1.0656362420659373	0.528298488149807	0.8871109756934592	1.1488326560677093	0.9443677637911057	1.0067210557040298
NC_032781.1	1.0567395860357658	0.6067874877737335	1.2639264623778268	1.0856178111533623	0.7062838194872094	1.136311799312633	0.7775627260065107	1.3546778408631537	1.416644849661684	1.0257793986823103	0.9749812322882341	0.6051195194816302	0.8393952148093008	1.2095808958826795	0.9980364925387071	0.9441723046416647
NC_076182.1	1.053563712752186	0.750111650613345	1.0267622346795329	1.118583526006723	0.775977569600012	1.0540464792786173	0.8311227750337717	1.2602840222198612	1.2729358812339582	1.1564070335383685	1.0536653374566076	0.6619998959138077	0.8767658484502757	0.9819550431124823	1.0541075265704476	1.0445529778771414
NC_076534.1	1.1782816815536132	0.4713425386886071	1.182156515538344	1.1007340226909323	0.6780717223239611	1.1348083947774616	0.7539039258389999	1.3079478584140327	1.3042179379348067	1.1432989632626387	1.0691787115018256	0.6616858859193634	0.8555000662911599	1.1031182881340995	1.0010119812626266	1.0153631617164462
NC_043525.1	1.119566868813751	0.7546019964266633	1.0820183640688776	1.036345549000398	0.7162888707802764	1.150243523630551	0.7569989510182145	1.2968487285054444	1.2893136094347586	1.0503175269509082	1.154982885866208	0.6136429807295878	0.8928110320486277	1.0223242371264185	1.0000975296623436	1.0624932727150935
NC_055477.1	1.0755781908714133	0.7994910825649947	0.957159642672434	1.1187131074156533	0.7555630011053797	1.1193148081859823	0.8070973853614037	1.2381447706123676	1.2804598214785974	1.138368700248547	1.0023086962347767	0.7432504450167124	0.8656543946133485	0.9243594010801941	1.1452124203828935	1.0017745435394156
NC_055137.1	1.203468338095851	0.614920323319182	1.0898875457872395	1.084631693408602	0.5961310912177625	1.2408385447193886	0.7941722595594652	1.2654384587759042	1.2839328061647897	1.0752314076794212	1.101138877115636	0.6574649128223053	0.9392964292794097	1.0171486379544707	1.015153077829259	1.0167911174241404
NC_076980.1	1.110799723130005	0.4653740818124797	1.2192423120184268	1.0825589625500476	0.6760170872644443	1.0956956887305693	0.7723077444965012	1.3011329470842434	1.3688212547196887	1.0915858064671218	1.034543999176439	0.7273404760815476	0.824306339029093	1.133525172412132	0.9979992956658326	1.0091869347017635
NC_055509.1	1.1850294402699737	0.5451391173151523	1.0925963678536095	1.1387535235971755	0.6915944025639993	1.096889063478343	0.8193015492382184	1.2453167427019323	1.22939591308734	1.1336339375782807	1.1242117851417195	0.6830942362872825	0.9309415365535479	1.0818476351822621	0.9764229377518215	1.0006919904545553
NC_040669.1	1.0449064159478103	0.8213434360806698	0.9590583893886491	1.1293752682955727	0.7274756148143076	1.0569605141289022	0.8515951059481162	1.2659020743233445	1.3120668519323535	1.1403713010447092	1.0167641806978072	0.6855716123493473	0.8897700266309576	0.9560925395842312	1.1145609496626223	1.003338906348782
NC_033705.1	1.1157479417120306	0.6695830010752437	0.9161330692840457	1.2090033328119922	0.7592983705003581	1.0613684006882511	0.9000522207700241	1.2020979537921594	1.2420361447506654	1.1935475101515536	1.0815807209060846	0.6551947923919895	0.8575646535770809	0.9926826993985027	1.040658395323459	1.0565874912361992
NC_076982.1	1.1298284558486533	0.4520914404612855	1.313020082836247	1.0931886175675434	0.7169148783883984	1.1251175647104612	0.7403214563515264	1.2738556440002748	1.3057356440965175	1.0691977176797092	1.021272389002161	0.753805803428821	0.8974149697155782	1.1695312593623213	0.9980261969660686	0.9324677491887178
NC_033701.1	1.0879506255209292	0.643282474529238	1.0725261975213667	1.0836604302233195	0.7320938609381253	1.229982937460266	0.7957830420369834	1.210783270557098	1.1878677020034132	1.1090834522877642	1.1564947712948574	0.6878725230078495	0.9300070856394158	0.9824399762261901	0.9315306929223947	1.1128299603327465
NC_043538.1	1.1617419542815624	0.3716588437075748	1.1459572620102134	1.2195415718564755	0.8234357615078003	1.0784710228282806	0.7299252672946088	1.2592661864110606	1.2587340084302663	1.2360067859522044	1.1159132989799128	0.613244883907555	0.8215071447229509	1.0762665589580453	1.011480128640205	1.031264340963666
NC_040599.1	1.1229070426415013	0.6832850435901933	1.2340155695641553	0.9740455487084106	0.6507476605620889	1.1721709729740521	0.7837604785011888	1.3528995156886359	1.3728965715315162	0.9722426696978415	1.0025606235181548	0.6871912118219785	0.8747364355021062	1.146330503868128	0.9949276937764129	0.9772820874658298
NC_076487.1	1.1906857836517395	0.5723469707074917	1.104828850516182	1.062377203935085	0.7672638957162351	1.2812212538107597	0.7519244601735099	1.2244230879475229	1.2805365713211652	1.08993240798484	1.05331349650135	0.6528622581280275	0.7400829959997222	1.0446127044027818	1.0484388972893446	1.1279698760764367
NC_022581.1	1.0756729854972125	0.45177146895502873	1.1280956408496932	1.2348599210653164	0.8298229074111197	1.090981986707007	0.7735560464145864	1.230195597419807	1.245131499842745	1.2659514205918563	1.0335149518706452	0.6279277145067558	0.8709575391262415	1.0647306925036928	1.0517015907994924	0.9937537895906141
NC_076927.1	1.102738315854826	0.47053422469419653	1.1796145470110055	1.0879818128457452	0.8285004530500686	1.2211152206964655	0.6975059815799513	1.253155208611492	1.2717034149932773	1.0470154864497316	1.0599615436619654	0.7474878343992281	0.7886857007617855	1.1512840168201348	1.0147713630631945	1.027031062603223
NC_003243.1	1.125365831410355	0.4753955301811165	1.149418011101338	1.16968561370976	0.6783928916088195	1.1588998044435446	0.8088381495827177	1.2963830240540823	1.3582721609881725	1.0898029804903986	0.9942596011605916	0.6663911040804992	0.8214383059916269	1.191624799888096	1.0392657349118388	0.9520204957368215
NC_077129.1	1.1749965827798972	0.6535352665346728	1.08474604912049	1.0642791344510965	0.7056164831479756	1.2219892991798942	0.8194206493652713	1.2175099039192672	1.2504111163832474	1.0547272547573256	1.101404502001077	0.6673803388028516	0.866839803282278	1.0368974421852457	0.9849152245437742	1.0877463622762225
NC_031079.1	1.1833444233306105	0.5652108474033268	1.1230854402742079	1.117291953153219	0.704819282133645	1.226641238034619	0.8229153568559174	1.2509310056330007	1.2463836031682736	1.0976830476779607	1.1018192715032258	0.5564614368604304	0.8606701264572499	1.1201146913184385	0.9485444347451403	1.0743140429480282
NC_025395.1	1.1476840898225724	0.49112607447362333	1.043829403244685	1.1440678799696837	0.7858017191577973	1.1508549447290355	0.8231743459950847	1.1479406858391157	1.1321534296730817	1.1381968360970498	0.9801148529856629	0.9056323704265858	0.9395417785225895	1.0042905890381726	1.0808462764884172	0.955628566817534
NC_043067.1	1.1546021755026168	0.37782298322780716	1.088399618968711	1.2009919484674252	0.7712954391336893	1.2650152557197365	0.7482205947053097	1.1911934201148746	1.256084581662892	1.1253973699051172	1.0424643755975196	0.7413849045043647	0.8265883114040345	1.1000638688492559	1.0605420646141703	0.9903095170908708
NC_025251.1	1.1629270479115479	0.40776939477699664	1.2113316381819141	1.163303389827236	0.6812732571274213	1.1717425534082704	0.8074840079926779	1.2853913758884863	1.3084120445912302	1.1597421322847858	0.960474387062961	0.6676962476996677	0.846906688256405	1.1642483394704246	1.033312890847399	0.9515827916002161
NC_018629.1	1.0496439972210605	0.36737251428049816	1.2548464260131726	1.1788963496576634	0.7041306523709548	1.0726694286015501	0.7971998155536962	1.3141525250898312	1.3472758131976634	1.1317759039466981	1.037824741920087	0.6613130865052089	0.861119234948498	1.2169002509370732	0.9512955253056117	0.9784520525535945
NC_025385.1	1.180572869216781	0.4316657414190965	1.1594221474281705	1.1676435382360324	0.7217178206335093	1.1480585464884636	0.7928058422148343	1.2890368780515573	1.2471699774444465	1.1824210420704122	1.0197910293719241	0.6472861408683722	0.8518055319918597	1.1380685950365101	1.0269548184533501	0.9761064808464643
NC_075981.1	1.2175335139000658	0.40057730243630935	1.0670710441217997	1.2122521192921039	0.8452181081406127	1.1934762399680239	0.7566502385393246	1.1636739510887262	1.1435227805146726	1.2258906965482081	1.0765818553672506	0.7012446805749307	0.8552372094346492	1.0459855638785145	1.0582065068481223	1.0088023935413934
NC_020808.1	1.1522481348426734	0.4203161481258258	1.2077661415698857	1.1641060250865702	0.6688364103113339	1.1997231644420914	0.7831008638396284	1.290354567410587	1.2778662320116687	1.1753298926951787	1.0041541906303357	0.6418198151261597	0.8961984468832357	1.1134205424963048	1.01584584532037	0.971713534202815
NC_031988.1	1.1234969028097752	0.47143634655130323	1.1954212379600535	1.1521347462497171	0.6817173068835392	1.1741736478584421	0.7967636272795054	1.2966944198071444	1.3317537921091593	1.1270968060852704	0.9862305977599635	0.6555590730770692	0.845552110248881	1.1342853771672834	1.0329691218036348	0.9746760787664988
NC_009528.2	1.1364988051921823	0.47673630217664154	1.1691922720794063	1.1623526645420101	0.6875039305073672	1.1513898507553506	0.8190189521320095	1.2848637018249944	1.3111759680692228	1.138735652715103	0.9968891315226964	0.6522835573989749	0.85889462624666	1.146200193410218	1.0202948887693424	0.9705185783133586
NC_031955.1	1.0882729438095708	0.43890790629673393	1.1856927573026592	1.1707561788208347	0.6524306715221722	1.1668794828383413	0.7837729629857768	1.301983846734733	1.367285341754418	1.119282792755127	1.022050671754294	0.6605501073123471	0.8532392701083742	1.1305706781423577	1.014659443191131	0.9880197041764036
NC_001542.1	1.1359847993426224	0.47324907196284816	1.2208520592825733	1.1143653560681748	0.6744211513338149	1.1525393310920509	0.8346723663431314	1.2812873493175907	1.3073350859141608	1.1077871974003162	1.0073177300283997	0.6686571337051983	0.8743482024534911	1.1869438031986834	0.9550652726422582	0.9890431275661855
NC_032739.1	1.1248876115550352	0.2622912956372881	1.2689983306177999	1.2153238986290582	0.7351814417862673	1.2007240104258627	0.7597026463364879	1.236147266974891	1.240902426618882	1.2174545130945893	1.0768736327549586	0.6210324566143922	0.8983430640207959	1.133440669125345	0.9340407894826412	1.0272103732588749
NC_006429.1	1.128547346446576	0.4233491023890067	1.2439629675275659	1.1375599989445753	0.7072820345133607	1.1186796961820178	0.8137786593978263	1.2977453810579116	1.2760088519369412	1.1233389799993252	0.9902074853069052	0.7046679461213087	0.8808237686905774	1.219170953689171	0.9771974599525082	0.9344632597914317
NC_009527.1	1.1668227617051703	0.389855358469413	1.1946703977339208	1.1898710419951875	0.7192159199349515	1.1441027781300874	0.7896849748202516	1.2848210722913116	1.2596462908121562	1.19673908555234	0.9944455274915447	0.6536233692885073	0.8649915766040099	1.1554683215475592	1.0307137746472612	0.946824822150785
NC_020810.1	1.1356636705567729	0.41707848345962245	1.1571814504266826	1.2067379031424026	0.6666418383166097	1.1081568207524308	0.8536396989232914	1.3021396854121405	1.2876690737089975	1.1699560274887182	1.0254851334896415	0.6278800489918754	0.891416091626692	1.194482467326885	0.9729990485233687	0.9546705213267693
NC_020809.1	1.1249390896490032	0.40665261313575846	1.193251901974133	1.1916235016984351	0.710376556556657	1.2000866913706734	0.8056004683718548	1.2414046157970682	1.2837150425570096	1.1757036196445894	0.9863038636388741	0.6601288015453067	0.8716627161595182	1.1316812890154158	1.0184223944893056	0.9776782625418842
NC_055474.1	1.116480242547468	0.47452825283018524	1.1608410862535998	1.1644327975353255	0.7196719996797274	1.1657572583802804	0.7701903640443722	1.2923385218464378	1.30450953752261	1.1316515457258467	1.0208924159221349	0.6570524441499238	0.8461368164322751	1.1383359174556011	1.0371741305892226	0.9739612318123216
NC_020807.1	1.136260120256222	0.4116846280395872	1.192379329996983	1.1869236448068063	0.7226567075888034	1.14694914292767	0.8108465664624541	1.258065842250849	1.2752245439918106	1.1560846640916556	1.0255571367888192	0.6580850478630417	0.8637237790847653	1.1521890139426092	0.9897348818098678	0.9860300865840035
NC_006942.1	1.1477672329251656	0.4160194615623655	1.1657909330368432	1.2108907941807643	0.7755230717426739	1.2255297003555283	0.8002605399220284	1.170542480637713	1.2240077087190824	1.227912997763959	0.8492067239643053	0.7702121608829603	0.8682099780873697	1.0775438725361997	1.1656643748288382	0.8958308820667772
NC_075990.1	1.2596352332719474	0.3022699520919598	1.048057642463067	1.2423276551937932	0.7568649194113639	1.1917007092572263	0.7117291458494944	1.2222054771760358	1.1795213188695841	1.3735919184229097	1.0723031877715596	0.6442319548262427	0.8816961173174492	0.9419039424847816	1.0891002371454455	1.0231977191700923
NC_076250.1	1.1647275992012214	0.5170487429392696	1.061040317221678	1.1192486674773412	0.7653949895478952	1.2381844888667726	0.8080811394333645	1.1967388130755827	1.1468893441523826	1.1573100039559232	1.1155488575754589	0.6963774678518753	0.8917292662196522	1.0525017962251841	0.9674000499347672	1.074403485731761
NC_025365.1	1.0962584834720928	0.3353308893162542	1.2055050367110471	1.1801801608642977	0.7229211380064701	1.1459002161448562	0.7835268663979286	1.275046317335686	1.2669797960458147	1.177363121994771	1.065734431286782	0.6629667473499211	0.8710181330780762	1.1358320765653611	0.9559263775977918	1.030766472469045
NC_076929.1	1.1099067938972165	0.3563568428426383	0.9286174613538142	1.384857745104939	0.8035966388934663	1.1969918403337523	0.7547104523717696	1.1859260745312143	1.2245504984885462	1.3524296083532283	1.0969426371361506	0.5991036855578126	0.8733082515049515	0.9130793086451227	1.1003424224804712	1.0309123483477158
NC_076686.1	1.1089395594781928	0.4594496620538455	1.2096512947949987	1.1401633634685284	0.6782352154128195	1.162031514219733	0.7534956866229997	1.328933628420113	1.3202901327335657	1.0752873418943336	1.0478914709789842	0.677835493849228	0.869357205275638	1.1743484783975107	0.9996056166734897	0.9571789690267906
NC_005975.1	1.0216633269137878	0.5136990370619982	1.1887368165052843	1.2331748842298904	0.7936277876928842	1.1296979085313588	0.8111218214134973	1.2172891092986455	1.2846026888040976	1.2595583223336113	0.8006434073673949	0.7196519223480866	0.9154628213885847	1.0604898238334317	1.1749177183640096	0.8691594605472005
NC_028234.1	1.1216239752816093	0.31058508733273715	1.159814666972728	1.1894885334623153	0.830691860564543	1.1698496649635493	0.7005699170067684	1.228638217913995	1.2257516524128687	1.232455971133382	1.1215464291609851	0.6653850506528679	0.8534748234447123	1.0607122471273231	0.9885484002850204	1.0480456070892643
NC_055512.1	1.062859747409732	0.42707053294711295	1.1571987547762606	1.2912297607784127	0.790080485952159	1.1142727780161192	0.8507926497072421	1.204763482154858	1.2721998732633424	1.2973563679323916	0.8108615993748112	0.7007745357475283	0.8838775148185564	1.0964564620419466	1.1687221799128173	0.8615799713977254
NC_076977.1	1.033796846984496	0.7375000939026939	1.126708789764805	1.0692992687593648	0.8604167762198094	1.0010484300432059	0.8152239977586488	1.2440241889146213	1.2053537052896985	1.2275211920273907	0.9045174986120255	0.7807793521180753	0.9099260019506441	0.9702252578384354	1.140906262591141	0.9588715311119252
NC_034551.1	1.1952399018538318	0.6256966182516737	1.1160547053735643	1.051194267340264	0.7580903954469553	1.09186461399426	0.8037343520395134	1.2696675741918462	1.250829289875935	1.0807495898783748	1.003388938873514	0.7678258240604113	0.8250409189881754	1.100618350432592	1.0711520622485529	0.9745436172179139
NC_025362.1	1.225270141155406	0.3840236439034091	1.0596249846297212	1.2326863293035466	0.745457661694853	1.189183615329701	0.7591310062765648	1.2104597877777419	1.181632277812639	1.3109716270753962	1.076058821963985	0.6337627242152122	0.8968669682569567	0.9640730149154192	1.0633232354031716	1.0295024463078324
NC_031278.1	1.1346677190169678	0.679716511570237	1.068663602893857	1.0645361352757299	0.7233134889887363	1.111887281583367	0.8247834888474858	1.249005864882112	1.2697884944497233	1.140226998617226	1.0203334120483585	0.7241804209245204	0.8654142682457373	1.007818525456601	1.0531838811386203	1.0335623586285811
NC_025377.1	1.1250017432942385	0.40502556031822107	1.2192055127188288	1.14973484458265	0.6429553737787007	1.1563001205770997	0.829970059784704	1.2854643371879917	1.3434373540622164	1.1177822579358512	0.9891071769175848	0.6891307254847561	0.8603004347515188	1.1816383714920387	0.9860172862499434	0.9748635529541239
NC_031215.1	1.1763622332844286	0.6887746691064393	1.0748345560752093	1.037292262588354	0.7698069831189615	1.1342032139408107	0.7895961126248974	1.2327683469020703	1.2821785271762425	1.1054345576748563	1.0388190644389794	0.7202277795478351	0.8032770246406645	1.0105833541464648	1.063822683552307	1.0598098367776396
NC_076489.1	1.190281876883624	0.5008390259823376	1.117572732165082	1.1008038521624763	0.7493021365282629	1.2238830525754594	0.7579251374734066	1.2514658705699848	1.2396144170272811	1.0269952214270588	1.1082168645791715	0.7155056827837971	0.808065572849661	1.154493646044143	0.9827870097287071	1.0382387938301936
NC_034541.1	1.2483232423237325	0.46183193708001447	0.9927715474035971	1.2269848837406787	0.7919926410350885	1.1732780839105317	0.7780741353071805	1.1982402856538952	1.1876145613800038	1.2457249109322217	1.1102733302499876	0.6239711699945906	0.8318769365120263	0.9880226916795275	1.0604753021704822	1.0557968107867954
NC_036390.1	1.0925258490155565	0.48712278851740703	1.176586707352022	1.2078149795359012	0.7754509187925077	1.1149038468119314	0.8028685031698133	1.240113291003862	1.3091388807119335	1.2821729440253709	0.784013668044421	0.7157417078003744	0.8556933710818609	1.050114282198683	1.2148626803226326	0.8847112178354988
NC_076290.1	0.9703709619461227	0.753420489315634	1.2215839987105024	1.0245394071924976	0.7822595511076199	1.031104737153948	0.8029458003157368	1.2675997351915675	1.295517555716365	1.1846322777313256	0.8806332616305018	0.7818815235512192	0.9409035372175998	0.9679082355598101	1.1214866297401327	0.9590142666078264
NC_076931.1	0.9940696546112361	0.4184192622794701	1.0263221870408028	1.2328280579655597	0.663033600227468	1.2177230714538394	0.7062588438200706	1.2735749232284868	1.3205578993664937	1.2395893208466686	1.1151145952639103	0.6769627456390798	0.8936961006447068	0.9478065138628919	1.0252147147874313	1.0450997018705415
NC_077192.1	1.193629297553395	0.3695879907219938	1.09131804984043	1.1997981621768392	0.7761347805161869	1.2066281548097457	0.8082176576558737	1.1730713678502802	1.1641697220594172	1.2470885362754611	1.0512915730667916	0.6966923128609543	0.8813332178953325	1.0577275304256712	1.021141371488813	1.0200360376080746
NC_076975.1	1.2095259966480998	0.4293206278280552	1.2342841745896105	1.0709033000535957	0.8063382350070073	1.138727582067445	0.7742663341081225	1.197009948057336	1.2173064005237286	1.0970960259565938	0.9334141112594125	0.8827267129900156	0.8384702269394331	1.1165479533904985	1.0845173526326746	0.9339690680342977
NC_077114.1	1.112411424566876	0.8373568071754095	0.9690062346409255	1.0709592364995777	0.7115655379360541	1.0864325613748438	0.8881649732900682	1.2936408875996512	1.2499466171658131	1.0463654664286919	1.034670049024929	0.72743446215799	0.8321833645095663	1.0068222222347	1.0677163046365343	1.046943735832166
NC_038280.1	1.1783819633896475	0.48760542070004376	1.0285615807281263	1.2120326153646805	0.7008169164434088	1.226534153381593	0.8052519620750963	1.2148815235445378	1.2354151579896773	1.1664611052656115	1.0271003406314048	0.7050968158709825	0.8778560724221388	1.0313646770876592	1.0910643652796645	0.9770729614016904
NC_034536.1	1.0991043558450908	0.5683615098062141	1.2039925290288804	1.0951013984561715	0.637154545575266	1.177472130007097	0.785093339023757	1.297145531366684	1.3736527865187351	1.0999144616605714	1.1691308950134887	0.5155758468437738	0.8934062176307137	1.072443155854345	0.8816346981028531	1.1197684457646786
NC_076501.1	1.3209439370971903	0.4390274102998522	1.003372216957194	1.1190325641291317	0.7499062792148827	1.3482555926239497	0.7879592190868525	1.1597043268516045	1.1144066593195285	1.1553864687885542	1.1293267591108023	0.7212221663047267	0.8396023927815291	0.9858877311004647	0.9893993854587395	1.112304115569616
NC_055532.1	1.1700965385479414	0.3731157713255955	1.083857168754196	1.1972137453979605	0.8395104854825899	1.1560260491821108	0.7546861273687134	1.1759657658284741	1.1800789944559924	1.14415552769321	1.1059490225769493	0.7646344168798118	0.8737958141767106	1.0667291354481987	1.0129317895905352	1.0073805974946686
NC_076146.1	1.1157242700852927	0.6036081125070052	0.9683564125961088	1.1702064033990098	0.6664270563425757	1.2339213096947728	0.8204334271667144	1.2007253822367945	1.1876652014137286	1.119041629486852	1.0381900373786033	0.8172613239730324	0.9459508208660985	0.9678653135256501	1.0710463435686184	0.9794391119841908
NC_055505.1	1.1088988228568848	0.44387714286189206	1.2265000167778226	1.0968540461726044	0.8593286558853379	1.0833489778682037	0.7339320216271442	1.2537669842732346	1.2644819527812647	1.1576589621708733	1.0213106533575926	0.7416865115781575	0.800107186651824	1.1034074750891751	1.0304922073958371	1.0136807617455246
NC_038281.1	1.1644120677643226	0.5853866428646031	1.043135500145782	1.159084181523351	0.6999861443777793	1.185440845684822	0.8401697730724834	1.2215896331774265	1.1229458672710297	1.2170811720854247	0.9764864917640264	0.7589994248385454	1.0029381259813452	0.9852667108784249	1.1119235271444239	0.9137221841109273
NC_055531.1	1.2639174593739702	0.3571556677240429	1.1008899066912545	1.1421407303625277	0.8242053870554836	1.187749363478917	0.7547843255479443	1.1653292869445226	1.142672856945213	1.15403317728566	1.1099480787507277	0.7779822028141218	0.8720020527155082	1.0485718246687707	0.9992023330036335	1.0283862509336499
NC_031282.1	1.0982612882930385	0.7395342287236145	0.9169644070123377	1.159056620155126	0.8082341297525841	1.228720281377804	0.8179022468743082	1.1392183223890848	1.2057941743587317	1.1257473730041216	1.0774944085883569	0.7337281878027316	0.8783567323274467	0.9252215104485936	1.0927309082633538	1.0419532233270714
NC_055454.1	1.128765724091288	0.5015975833058859	1.2220107197227157	1.092711618904137	0.7505247421852993	1.090872311493308	0.7742415571322759	1.2749604565019845	1.2722733714336756	1.1774121192210565	0.9029796479840911	0.7948610350194852	0.8693247608523061	1.0758510150637972	1.1152057262526576	0.9238150057693829
NC_038282.1	1.1279858635143127	0.4213320844902257	1.1434249999560502	1.1605308483490917	0.7164587058843008	1.2324646073002485	0.7276522873489221	1.2377714296245261	1.2300941821335702	1.1724127290964963	1.0922820287316992	0.689914466191049	0.9179799010441315	1.0726582631727468	1.0072932048975474	0.9993235485498384
NC_038283.1	1.1567254020242794	0.4077121398997685	1.066182310578506	1.194079993748256	0.7723993806141344	1.2460072251536642	0.7413346802947244	1.1978463821471332	1.1933552352799643	1.2198601399111961	1.0602703353204115	0.7128094129183468	0.8853266946791674	1.0332476315411583	1.0605424720184162	1.000618141185652
NC_022580.1	1.1971543128203181	0.541287714800014	0.9593467463987544	1.2105595052986826	0.7481891965189383	1.2283187946267053	0.779362727897307	1.1895843597081206	1.218097998187693	1.137815271738577	1.0931769604502417	0.710804257617162	0.8585157140280387	0.9946475347214	1.0806605399897287	1.013330281476227
NC_028244.1	1.0945340518792386	0.5073629403047307	1.2419927961661417	1.0997329494372055	0.7255463207770723	1.11339458578949	0.7669635864659337	1.2869345717019083	1.381850002099171	1.1471565135476745	0.8823592607212609	0.7464245051460854	0.8219325056628012	1.1071827849089255	1.1162483196283224	0.9373308614043406
NC_031227.1	0.9447758540602706	0.6868346682938908	1.1422964194890324	1.1667343811042048	0.8779820523945492	0.958104008470806	0.857649959840144	1.2530124060896488	1.2839990132990642	1.2135868411902322	0.9151940537670955	0.7021953144837713	0.8757244199973824	1.0549300474033898	1.0972433259415477	0.9508168640930295
NC_040786.1	1.119752828548607	0.4149682908646869	1.3551851326201976	1.0916031437309217	0.7924958336814321	1.0670466735573734	0.7624728856593906	1.289481039165482	1.2471305041056304	1.1849240790652693	0.8908594489347933	0.7701016033879995	0.8773161524673458	1.1964480111719993	1.037555808888967	0.8950602535303248
NC_038279.1	1.211561582710146	0.4367198677155164	1.0908285740404933	1.1601807469638163	0.634516758474562	1.2172499855309826	0.8107980189556533	1.2217572702612245	1.269017900765858	1.2183121537003208	0.9817779324832852	0.7252101929026061	0.8946119472896096	1.0123768082656819	1.081206447984809	0.9875973820612007
NC_076163.1	1.151600046509556	0.5371496330570467	1.0934093103511993	1.1705291005658063	0.7346729108214102	1.1286635847106703	0.8585840912517863	1.2271295690139248	1.1503721842068528	1.2470582046706273	0.8820954528654004	0.7770418856327166	0.9667619457284321	1.0700111101775627	1.1336065604252186	0.8624557669439605
NC_007642.1	1.111349929483961	0.4829398730091511	1.1486517086402224	1.2065486553848148	0.7985755757258463	1.032776211793575	0.8404443540761923	1.234505113974304	1.1957275983385922	1.251989377016157	0.9439456247180118	0.7314386062765528	0.9213157324137099	1.0768862091052624	1.0798343634767003	0.9206883900099201
NC_016136.1	1.1719251692370058	0.422029174069021	1.1340168460135467	1.1954403403533413	0.7685200523902794	1.1092348854069771	0.8454055546821995	1.212133997808879	1.1382694091860976	1.2595355767886123	0.8823257186065295	0.8121833439091182	0.933175367724802	1.0952334343497832	1.1237325638887317	0.8692216318260031
NC_076979.1	1.0297720670157315	0.8377145556228188	1.0306345426689798	1.088790858211199	0.9242176890838708	0.9464641144451847	0.8760681603534569	1.203067206347733	1.2310357037435038	1.2292409372480841	0.8871670746295046	0.7420935367831192	0.8475464593812849	0.9641452479693606	1.1787426333910083	0.9852032547009623
NC_011532.1	1.0512377350481483	0.550978642981705	1.1262564070737602	1.2005948833444395	0.7791446454434539	1.1127480427749914	0.8171283067862248	1.2122853660667057	1.2732246199808552	1.1828184440825291	0.9633821022083048	0.7168042006752119	0.9017288493495096	1.0451107826678272	1.0890830178483193	0.9527852081596574
NC_076972.1	1.1493759450437475	0.4331055983871801	1.0373326546357862	1.232562171321523	0.8499443198396305	1.0856032368555601	0.7894195457410376	1.2043118907565764	1.2308874356756996	1.1737966020442654	0.9641011841679469	0.7947904603425129	0.8196414439069684	1.1207105024676582	1.1367351932805707	0.9142415367227674
NC_055479.1	1.0661794582852957	0.5337648492599284	1.18541169569098	1.149706897619081	0.8445646349049499	0.9937165416087608	0.8245668975727177	1.2721855549606997	1.2368271427329987	1.245878451077026	0.9435030023285332	0.7016058741240934	0.857950454306707	1.0846701201165365	1.068073894979168	0.9644103966323716
NC_034448.1	1.1895692949628975	0.43330636351529167	1.0231468727479998	1.2528117476345615	0.7883503441930197	1.253249668279148	0.7517744326277765	1.1774557497075882	1.1999512898517617	1.2873024125538237	1.0912960527513051	0.6011728856967934	0.8512862343448164	0.9085518612904033	1.073771223585602	1.0854871465879044
NC_076913.1	1.1247497162598235	0.491479469083916	1.1002811926000304	1.2014738760640657	0.7656890509203691	1.140187752315467	0.8776973984817861	1.1789257912029734	1.113732062925214	1.2873821018870504	0.8913589380592734	0.7861594179742885	0.9843535969626007	1.0488374280357486	1.1052108528551003	0.8877276507246579
NC_076973.1	1.02131118254902	0.5717584346129705	1.042227300597096	1.2552992391269857	0.875456681724467	1.0607952236541376	0.8374819605212026	1.1514386943385344	1.1744736650233134	1.2465194956064245	0.9161525192375092	0.7709470952157923	0.9533372228421438	1.071676511249364	1.1418744712158433	0.8832472262969798
NC_033034.1	1.214415870774173	0.4976328698739243	1.0290927170487565	1.1338081462438074	0.725885963080559	1.226864760938711	0.7928193602582552	1.210869030269585	1.219461074894237	1.1525377632792422	1.0646825713200545	0.7266258201540696	0.8418201708871468	1.040168426610891	1.0462752739179915	1.032204873603665
NC_076976.1	1.0616129918950956	0.6137066366761716	1.193861502590511	1.0486879371601414	0.8611071245862534	1.1289460374903337	0.8254704834961964	1.1551885096355028	1.175296670612429	1.0833510020769377	1.0382470578021885	0.8027209641779396	0.8977601447152574	1.0688085114075243	0.9665240669108311	1.0454624287123149
NC_039202.1	1.2657265300685727	0.4012031767149513	0.9932331734819594	1.2361589153257484	0.7726026888739348	1.2791244812159177	0.7461072809863977	1.1731182471519455	1.2631334923629265	1.1871621813309972	1.0731141890228704	0.6891939771323994	0.7686105938164585	0.9615910778311755	1.0914801936951728	1.0565833271711547
NC_034544.1	1.1070147700890636	0.507898311921691	1.2549820540690402	1.111073504226236	0.6562368665146928	1.0875332480361417	0.7401077601252347	1.3452686396367022	1.4750424396618327	1.1538893473557452	1.075358984614768	0.5315968530398434	0.8308685634674268	1.1208909940338423	0.9813337083017517	1.027763466742901
NC_025389.1	1.106072258040706	0.4136431546097707	1.1103913190412202	1.2723324074580487	0.7624011084964402	1.1422404079857273	0.8099835890267143	1.2279652845620732	1.2134598201898483	1.281843187618601	0.8614999755267553	0.7608564203206579	0.9154886955017295	1.0483457075194147	1.1915298657851812	0.8509424373079268
NC_034447.1	1.3026244517055363	0.4285063212028043	0.9821047464853051	1.2053363429144315	0.7826799132173671	1.2542030751333433	0.781665652914018	1.154704314257478	1.2220423249134296	1.194354262429478	1.088454500744763	0.6853051784868964	0.775144476879778	0.9720197511062948	1.0635936370116632	1.0786135608166145
NC_038275.1	1.1632412657024338	0.42584690942774495	1.0285919066984166	1.2636021547646623	0.7724236149360395	1.2006341128076676	0.7783383434563006	1.2045968630603259	1.1921044788230288	1.2583989993709597	1.073355885743553	0.6378452048283227	0.8796277164747055	0.9896544838692182	1.0674322075337368	1.0217931563931544
NC_032907.1	1.07197505839079	0.5136815919292884	1.1574093829978558	1.1326889737523769	0.6498162894370504	1.146398984361449	0.7639052443001805	1.3175741894939101	1.3663076618803958	1.1536528179227215	1.0084105939502086	0.6670778405233077	0.8793392835349445	1.0905635715637907	1.0423091258176682	0.9853264205018576
NC_034546.1	1.0756795088626614	0.453273206460249	1.0247384768954582	1.2393355331529328	0.7803775822563049	1.210198374682213	0.7781129182808315	1.1747938674217324	1.1609574889298997	1.2151924466174702	1.0642247682346173	0.7519238626301371	0.9507058073522499	0.9767181572169055	1.0558609906541543	0.991164507029761
NC_034538.1	1.2162339803031639	0.27410095016181396	1.1376080738291061	1.20792221292606	0.7084812694860446	1.2215177400279509	0.8255373441408934	1.1595234939349612	1.18514044460191	1.2293881745308057	1.0783833832210388	0.7070472010611931	0.9090406619511969	1.0155520954521102	0.9699237245326623	1.060513590244003
NC_076926.1	1.1638591148533861	0.38920043288544076	1.1160561266037556	1.1328497480627975	0.7939688830862992	1.3114081986553385	0.7941117842792133	1.1447880502982903	1.2285669991582477	1.0889892171290076	1.0519324364673275	0.7652631012827517	0.798708758776731	1.1026324489064085	0.9966038986675274	1.0654083127370593
NC_033103.1	1.0813299283807087	0.5668930819922039	1.063120892639953	1.1552588757501299	0.7430348610397816	1.117300657912734	0.789473525867369	1.2486365255440959	1.2383765166310077	1.1434723310605666	1.0240446824645135	0.7614435289230729	0.9098106161423394	1.058651499659293	1.067658453457728	0.9619002573554706
NC_076532.1	1.101229864181064	0.5748012391195505	1.009477636513187	1.2264789885594425	0.8807438341347951	1.0685419556023914	0.8511119743596379	1.141127473327397	1.0871297623988168	1.163186364958172	0.9198843302742684	0.883673150046953	0.9527113571845671	1.118242510325389	1.158124537945495	0.8323170854843892
NC_076970.1	1.2151210691922867	0.3666058460392817	1.131035767474078	1.1974142370919665	0.7039520705636911	1.200613772993061	0.8582902658911313	1.155956590142695	1.1909581922409167	1.2491548470715996	0.8908362992687342	0.7984666608519926	0.9207255982359075	1.0556681188517762	1.1026006824193224	0.9301370652959854
NC_055473.1	1.2665494801349573	0.4278568254605074	0.9558789805857612	1.2347200232086533	0.7062215070854158	1.2725068516229112	0.7736131520666172	1.1871966757194385	1.1759826932206403	1.2403597538134763	1.099483513247992	0.697886783693575	0.882753855673313	0.8915614250991077	1.0549946699579376	1.0632312876392938
NC_039201.1	1.1180241184844755	0.504088772518945	1.2756939328885617	1.077972579418171	0.68347979476768	1.0470388354910944	0.7007058840500002	1.3637356975986354	1.5137340622843247	1.1237008122196335	1.1437664127629432	0.526227296941335	0.7721468300404483	1.1417772933697177	0.9537303677783575	1.0583414059312104
NC_028231.1	1.072978033495696	0.5713638308832762	0.9722353724441486	1.279713691281496	0.8648941505952891	1.0577526219347186	0.883686759849184	1.1356724770025075	1.1574230624335102	1.2352314147033836	0.9378328231237884	0.7746182174778865	0.9302923058657406	1.0641095537941303	1.1486058664258088	0.887866954893084
NC_034543.1	1.2923012695715894	0.35913024796486376	0.934286582933277	1.290940990628993	0.6464344463367548	1.326008704834805	0.787168053505191	1.1653413310061271	1.2148969628767787	1.2177878977672014	1.0915882615166064	0.7021625626977827	0.8749382172726318	0.8949179739584909	1.0633745476875875	1.0547253668973846
NC_077123.1	1.057849225834563	0.6188544300712387	1.1325790883158056	1.1730592011477274	0.7954681372833503	1.101223944322939	0.8185895238470817	1.2400532090047394	1.2632094944592458	1.1422724874313146	0.9624364451425764	0.7009228119298285	0.88902858024008	1.0736775548448905	1.095257968566067	0.930880867831421
NC_011639.1	1.2425467515553836	0.3923471880010101	1.0117338792008472	1.217209305173623	0.6765473946940495	1.3153909682000418	0.7726278765003913	1.1744490978621671	1.2131365798815759	1.1608766090990856	1.0869774164509465	0.7354742662333147	0.8800283367289757	0.9588275838015349	1.0440146901165588	1.0386965944505588
NC_025397.1	1.1469075401772164	0.46078463755293997	1.0098114127343616	1.2142802484159734	0.8181278258593015	1.2087841631469938	0.7462924047457435	1.1887875568462893	1.1666901088303483	1.2279034081739837	1.1163744083160696	0.6957614113006747	0.8873093261920312	0.9579215675457057	1.035828753508598	1.0480617555330418
NC_034449.1	1.2429284802385743	0.33891229690287533	0.9996001030314497	1.260489689326387	0.6726895590041919	1.3018459978735095	0.7460435373960226	1.2085448775245113	1.2162855684037734	1.2531497919463002	1.079657872653894	0.6891846025979286	0.8780456585875854	0.898927189853946	1.0699378244035744	1.0479410841609926
NC_034450.1	1.137406696039316	0.47679480261719887	1.0588275553645465	1.222158357772442	0.7946580043619982	1.1841732203126498	0.7852495136133097	1.1918067999656057	1.2289711598786368	1.2624590251017842	1.0281162241949329	0.6531613805082455	0.8523771110618058	0.9622236203688318	1.0862922694394428	1.0401820514255897
NC_002251.1	1.0906751508185135	0.5192670721060125	1.1722046662852719	1.1562199307743715	0.7196553717442388	1.1417720163524934	0.8293084219147935	1.2070524998517034	1.311897450350356	1.1459313142758012	0.9348813542068721	0.761095991850468	0.8875118351307186	1.056818497724238	1.0797992956739733	0.957108499792933
NC_076490.1	1.216989372003025	0.28300437587558075	1.1588012849103926	1.179490114551256	0.6028380883377097	1.375921200112047	0.692434043365019	1.2852297505232217	1.3125886498461141	1.0901331500560802	1.0659052634287451	0.6908289991696436	0.8343340599773095	1.1146554794860386	1.0395410118769937	0.9916468223871765
NC_076157.1	0.9198235519291132	0.9167315404229538	0.9651982838638987	1.1643806938753434	1.0635237180103028	0.9050553732981415	0.9730976785558538	1.050674919530448	1.0516719114037474	1.1742973286083647	1.0980284891251493	0.726315090927398	0.9660392931150144	0.9833388473395461	0.96021317105656	1.0776729604833795
NC_034530.1	1.2279681226717267	0.30450830989692146	1.0023061574714582	1.289983023186941	0.7634151994598877	1.2476532066954413	0.7644976341822699	1.171640337447033	1.2320958044332406	1.2962070614163055	1.0863012974198183	0.6346525403479366	0.8284641703165398	0.9642313134921909	1.0655318385743544	1.0548431728710779
NC_039021.1	1.0811765527340063	0.4346979336551172	1.0113082871826327	1.2479708283103481	0.7744618358223352	1.2423746283661483	0.7497297740901502	1.1914213487861134	1.1660691008272477	1.2336462646392472	1.068499260075007	0.7421309531695034	0.9389122219262808	0.937359736922278	1.0673024254594967	1.0039998060307924
NC_020804.1	1.1435002719392537	0.43023559605835243	1.0023519744088387	1.2223624190460773	0.7609947537217101	1.2491575304501634	0.7577492093175098	1.1889377865019108	1.1507364056657363	1.2118415663717528	1.068560612103243	0.7623823218591775	0.9282314619631149	0.9628639019749465	1.065480999866802	0.9979641251723537
NC_055466.1	1.175638441800614	0.4321894037490142	1.0409754765924706	1.2651747709689676	0.7494520372127099	1.1145291052897501	0.8848668246879141	1.1846600409884622	1.2190734029590868	1.2792646094059559	0.8398923579690272	0.783701843549296	0.8769011160445913	1.0577712462011477	1.1960782897978541	0.8711209076287079
NC_076531.1	1.072159087339725	0.5681582197577824	1.0839039470569267	1.1893012445477615	0.8678033082601745	0.9999311489966425	0.8338985534520935	1.2027039143056404	1.171656290596768	1.2368070785460772	0.9799285831475106	0.7670957347590941	0.9132134556348883	1.0281822020307756	1.0860942867816055	0.9551596008679328
NC_034240.1	0.8992144189611434	0.8531634521477185	1.0336235028796492	1.170333273924246	0.86707372582404	0.8862354334294095	0.9091650690052282	1.321270641674901	1.3010285882017476	1.0639688510250374	0.8837712402341397	0.8049827451663011	0.8440952939391452	1.1517655264600288	1.1761424540154337	0.8184996867019019
NC_076430.1	1.1469238034074383	0.5485521076664449	0.9709793165184719	1.1955285713707586	0.9413638693077162	1.14244208826461	0.8523425683985171	1.0575514359989666	1.1582601935917676	1.2519256263108343	0.8651648683421816	0.8480178692746793	0.8305129869728255	1.0186231622812132	1.2018087637809947	0.9514629498977467
NC_076971.1	0.9628837575250658	0.7030686971199184	1.0984691827901591	1.136070850976791	0.9399516813247426	0.8850576953352365	0.8676470636613773	1.2179076769714339	1.2678165151369754	1.1917535976162814	0.9492875878921799	0.768542095256064	0.8388867541980939	1.081087410281877	1.0756251474322112	0.9718510727385433
NC_018381.2	1.0409830694451423	0.6613411850634234	1.038347608847759	1.1773443027809016	0.8489944689794913	1.051107905147991	0.8115559724635432	1.211191766824611	1.2261968201350317	1.2357784126149405	0.995305517806692	0.711687746684838	0.8889639091284977	0.9589470098783495	1.1119592142019943	0.9971041694692806
NC_055504.1	1.153302060023484	0.6163052542611379	1.214831204130613	1.0177293877413118	0.801660217948698	1.070639954038792	0.8350478104522726	1.2348143555371123	1.2217336541540824	1.099738031537277	1.0442458243014776	0.7192432056242765	0.8518673623597421	1.107074939447066	0.9513799016194133	1.056184139635354
NC_031225.1	1.035191161801843	0.49545044727281834	1.0764469581545193	1.241176095400451	0.8794245439092524	0.9504980902144605	0.7705453989249147	1.2891543310209725	1.3081069921906425	1.2935455043369433	0.9250592792585328	0.7202097823369223	0.7951491776950482	1.0336180760855855	1.173559601987791	0.9329242453475445
NC_025382.1	1.2281256795250248	0.3276452971875727	1.1404900219634233	1.1123053408423738	0.6733925444960058	1.3481022487821177	0.7436344105176983	1.2654431143346132	1.2325213924793683	1.1402394294604707	1.0067635506584236	0.7415611051198834	0.8152505020417399	1.1392889703567535	1.0478944736005575	1.0022972605628349
NC_076244.1	1.0566087863289229	0.5390303406995653	1.0600567210972693	1.2280444562795674	0.8955136650599808	1.0625717186524692	0.9098208080229214	1.15377899772108	1.137113889428505	1.2161539174076883	0.8685592682277441	0.8853729661107489	0.8597621807037311	1.0671372707332643	1.1839898836747293	0.8352088095922208
NC_034534.1	1.14442834475961	0.49805688936966147	1.273618980100808	1.0652089848201975	0.5939664930658463	1.0707131289716598	0.7406927217428637	1.3860305582009156	1.447153439676587	1.1313742405323608	1.1053581716523937	0.5646721090168377	0.8584903462135383	1.1345525783458996	0.9476516151323586	1.025416267292493
NC_076909.1	1.1584174303546786	0.395702385103106	1.1613026898155145	1.1647362991608279	0.751413571711749	1.0541029747810222	0.7477635561391904	1.3119966217128332	1.3716173501758044	1.1680828798925889	0.9362980490734322	0.7630202403186894	0.7523094896540526	1.1188707189967042	1.136930557287609	0.9271638457380939
NC_034533.1	1.2683923668405765	0.37626967911996445	1.023311422072974	1.1976109938997228	0.7914638078040631	1.2286906437886154	0.7641445387848579	1.1790084564876848	1.2036432251235958	1.2778768469544075	1.0114800338560805	0.7273603665857583	0.8057999897226531	0.9512075765819586	1.1127363343217922	1.0307550498862383
NC_076974.1	1.0885455712653576	0.47165000742230057	1.061745572042514	1.2279152176751107	0.8526773059949015	1.0566240906291644	0.8027670427341961	1.1916435607389093	1.222038999211862	1.2181227752881234	0.8936206810208935	0.8446584369939911	0.8724660757165259	1.0503969951087548	1.1719444193863997	0.8961411785082276
NC_001615.3	1.055520647373026	0.5184377096229287	1.0029084740146301	1.278773412602577	0.8156753298067412	1.1321713792084138	0.8391856500472687	1.148673499101653	1.1832876959597074	1.2181304201467384	0.8737398303622447	0.8472853264404089	0.944446208779544	1.028998699996672	1.2017444095782817	0.8568360927748951
NC_076510.1	1.0197111755781676	0.5291071717074409	1.0826173890972723	1.2464178795695187	0.891465416573749	1.0502813967095397	0.8411121474315352	1.1618397115020767	1.1814166623953524	1.203638003223732	0.8420401874964248	0.8681528178741141	0.9182387038317996	1.1079933077604474	1.180903522449882	0.8342433108206336
NC_076864.1	1.0976386891219492	0.41690857822875604	1.2040440703216146	1.1477345863748265	0.8088026417637868	1.0105598579205386	0.7531529589579944	1.304087196586772	1.3327205358521685	1.154288774055187	0.9453638825470368	0.7849117161055715	0.7835237281692318	1.14402614020004	1.1068687792920067	0.9201549640127169
NC_033267.1	0.9368140923559639	0.9210485360194037	1.003192884963854	1.1047795416740138	0.9093340872306036	0.9794014284801351	0.951949923481612	1.1274495309797714	1.1578112058260015	1.2028015925071718	0.9946967353897763	0.73266538401743	0.9763920754052563	0.8971716692427504	1.0378636423015342	1.0608353050868977
NC_005974.1	1.0825114564808502	0.41312386450300514	1.048019525181719	1.284779249860034	0.7677366237330525	1.1473815537699328	0.810093531995613	1.1898499831938594	1.2116828482922888	1.2898063413176482	0.914877520174368	0.7602418603830338	0.9339786546808594	1.02222202531953	1.1582655287982475	0.9013475678354098
NC_034531.1	1.238961852512757	0.43967739148840107	0.9745533686265032	1.2309411132264443	0.8134031742535419	1.2720507256947988	0.7432579856901271	1.1654033551264538	1.209894429780891	1.168149765783343	1.0668581165741682	0.7490684715717437	0.8059569746935156	0.9468902260402436	1.0946350913050231	1.0315090592107963
NC_076289.1	1.0927149715719973	0.5175711880380881	1.0581498585273275	1.2358863368914816	0.8143862062678162	1.0650568848579045	0.8277455107636696	1.2102272204936	1.2111880612068997	1.1115762801648734	1.0421456826904276	0.7684835438252087	0.8909878242706032	1.1179904725330325	1.0511899252324097	0.9308113861818632
NC_076145.1	1.23610087934811	0.44382270584079203	1.107621949528341	1.1502026680950768	0.7268176715859661	1.2637721377644602	0.7984700354467611	1.1706193952860922	1.1416221510486915	1.206225312694726	1.0066399482526958	0.7451331586704261	0.9192474603861249	1.0088610788465593	1.0664043394015155	0.9921718171988483
NC_076448.1	1.1435186878414116	0.3734918774122139	1.1490852530835185	1.2428597707130655	0.8237286611420059	1.1077046327857063	0.9192211102518987	1.0981087221025823	1.1196574600167453	1.2278894535468168	0.8537806495492252	0.8914603146949859	0.9374857320039909	1.0889831648551924	1.1022448563938938	0.8801383963784639
NC_077151.1	1.0558989188084744	0.5554294564816549	1.0197141894894284	1.245853196641184	0.9193860803870129	1.0559057784447934	0.841512289683383	1.1403407140823156	1.1083849885754657	1.2576878855143563	0.8377910774729853	0.8849293942684444	0.9322710995274167	1.048494267427722	1.2213777976338729	0.8366701075495062
NC_055567.1	0.965663714174436	0.8450912971854943	1.1268289726252492	1.043247485479535	0.8835693157757275	0.9743932336700197	0.8454989296137133	1.2333080950595556	1.2410253153943527	1.1128004908077367	0.9358956967006828	0.7963117254590084	0.914016378044007	1.0315118539298749	1.0942193187126754	0.9521055613865091
NC_003746.1	1.08185091430221	0.38090866465170287	1.1088229260960052	1.3115845477145893	0.9171683141025314	1.1289340446264562	0.812308156727203	1.1024303385133662	1.0404122571337837	1.303767323649931	0.8928724093725517	0.8352372591379215	0.9766889858597146	1.0764568488625277	1.146386084245345	0.8495148191231853
NC_076267.1	1.141496325788349	0.4095304880855015	1.0505041923292542	1.2136930746587038	0.8500860131471774	1.1423062215086288	0.8142113051800189	1.144417659031969	1.2207782235035014	1.2272940391294251	0.9368567088971295	0.8123091272362504	0.8368334051352226	1.0417135101444845	1.126704198983854	0.9599439031577438
NC_076930.1	1.273552101498248	0.31740734598717946	0.9184651239694914	1.3117801121316404	0.6421962581601073	1.3918551788306135	0.7530827294085757	1.1713769479701994	1.229035863004047	1.2228274022079841	1.103944739244963	0.6868947078041066	0.86452307588795	0.8994501564771175	1.0754545137527383	1.047261881361129
NC_076914.1	1.0543077491095658	0.6614863784777071	1.0761160367072538	1.1549665811386562	0.8183971008142794	1.0494951218996527	0.8589418831527865	1.1913517966855949	1.1467273252051051	1.2073239056902805	0.9771092898208599	0.7723252810442685	0.9821763052202747	1.0095546069316241	1.075041282005298	0.9439639179950752
NC_031232.1	1.111662127939615	0.5391599991347521	0.9922228302645534	1.2674246699208225	0.7333269441607722	1.0252467290529816	0.9173158241272586	1.2222275077321485	1.1964270011369418	1.330107944984525	0.898730325099219	0.7406729439933333	0.9370065653111138	0.9514408961052844	1.159141223843487	0.9231590660027477
NC_038278.1	1.1963090810479076	0.7160793097722107	0.9620316356342477	1.0810268756924382	0.7453070367016887	1.2335616501060145	0.8179946810034945	1.1827728400083013	1.1789953998045488	1.072030296221971	1.0061884782201025	0.8261494660835651	0.8735361126036784	0.9815909176891323	1.1369699430089142	0.9788745381294437
NC_028241.1	1.2448856220677549	0.32288022310993664	1.0676106235182483	1.236793884296294	0.7119408646212889	1.2464637966447227	0.7898558574540296	1.1633058453407532	1.1456566415133753	1.2550973639959433	1.0541037220202831	0.729825776057627	0.9364122821122383	0.9668407150544196	1.0503237556116578	1.0094357861061238
NC_055484.1	1.1082906880955714	0.4185827263703146	1.0025085750777891	1.3495132687353908	0.8840104509986789	1.101884080079526	0.8223444363426022	1.1297786909950833	1.0848471756245237	1.3121231079878286	0.9259860716347941	0.7805710206330764	0.954823891260697	1.0419673664546	1.181241067809478	0.8615717988935211
NC_028237.2	1.0038045542859115	0.7044498715028439	1.1003827197361469	1.1524004424376615	0.8650644422054922	1.016184891320674	0.8443009601343276	1.19836591445936	1.2381062274425867	1.1554796337881719	0.8387454362425019	0.8504429266662946	0.9154374028675507	1.0545984015629448	1.1871711292203986	0.8626532030801973
NC_055529.1	1.059416095733458	0.6705058857053477	1.0347279886004592	1.1745911285742745	0.7869709278874181	1.0553877769207318	0.8668871527657878	1.196910275146059	1.212985300230148	1.1639170147540654	0.9088523541179351	0.8379229217260515	0.9363031742118705	1.0067736150751998	1.155426478961279	0.8973993017492188
NC_076239.1	1.0237026711087454	0.5317110450136	0.9828163550148523	1.3070934607044606	0.8013645035562114	1.0478985449198273	0.8130739400876221	1.217700244083823	1.2326849198491368	1.2173523714089676	0.9122566087800237	0.8169316854516389	0.9281721269591637	1.0188920409680968	1.2015428293659773	0.8584707083349953
NC_028246.1	1.1972224307384804	0.4314045782206708	1.044150238573084	1.171076531880097	0.73517466584351	1.157778515241702	0.7629753885014579	1.2075453803103782	1.2533045565481273	1.1532473388698021	1.0624687833270055	0.7787389103700368	0.8587894567120712	1.0204197039426681	1.0517308495379116	1.003845630653981
NC_017685.1	1.2257415126241895	0.37921769205804684	1.1114155355428472	1.1362336555410542	0.7830599095744085	1.1691603437229041	0.7605418056336809	1.1882650221234237	1.242635292939798	1.1829274012706272	1.0282684563191473	0.7896993465438448	0.8301816240049141	1.0164325801987129	1.0545945496070919	1.0160747849677645
NC_031283.1	1.167612908288458	0.5317500447407257	1.007016887086307	1.1805625893790026	0.8254030545229175	1.276910422027904	0.8049847228148876	1.1276374894378334	1.1869990719493202	1.1935980372772472	1.1014754616323066	0.6427336944672353	0.8182735407865045	0.9717481493238243	1.0266325144384287	1.1239165272049165
NC_076208.1	1.2078532939282867	0.3290567877644913	1.0002517141976799	1.2647632488854155	0.7514630188664271	1.251724509706497	0.7583005437727949	1.1575143730247783	1.1545035683744287	1.307669009034447	1.0158367539323245	0.7688278268379495	0.9269238853933615	0.9067824322881407	1.1156674479678517	0.991632016961422
NC_002526.1	1.2728171087931635	0.34802536403543527	1.0060350138337564	1.2426192343763873	0.8283984017181487	1.1860963651631606	0.745702936592804	1.1522653724468468	1.2396722614138662	1.1746889365661604	1.1122721655146328	0.7378758631370718	0.815023460294836	1.005597447752774	1.0490208079654053	1.027071577257929
NC_076260.1	1.2521991248423396	0.41471765649087966	1.0856744253849915	1.2042560837820118	0.7527813385592744	1.1848474279058356	0.774198588377848	1.1508938206067503	1.1674834872664348	1.1691068020460875	1.1114835464227883	0.7408769007152197	0.9297106553550247	1.002233298711485	1.026319913132269	1.0087076999862707
NC_076472.1	1.0757635309633593	0.5394854152692339	1.174438689954486	1.0757213538519454	0.8600812563103769	0.999018689007334	0.8135053780708571	1.220219681603316	1.2383932720807207	1.1842166895968174	0.9499993004295851	0.8346917834125893	0.8428332256984314	1.0465954184816995	1.0699868697985675	0.9838399117359794
NC_025358.1	1.3514864916250844	0.3694885525778365	1.0193046026922357	1.2099208305486686	0.762969868310078	1.2214181445340353	0.743964983751187	1.14884058541454	1.1903892974904025	1.1491397595172181	1.110823222825113	0.7697912082167689	0.8681874661952278	0.9895123290431805	1.0530340894085481	1.013156676372115
NC_076261.1	1.2827246298855868	0.3873243365045182	1.0977933534173208	1.192805847726466	0.7806382246044671	1.129135881926183	0.7703513007877926	1.1735400925946666	1.1322069381639452	1.22803060302054	1.1120658240731345	0.7256181062008328	0.9262364667206543	1.0061225879998381	1.0218598882712975	1.010689878057187
NC_025396.1	1.311790668856489	0.3187383043659679	1.0730435217421286	1.212448178217164	0.8205357700232012	1.175510410864005	0.7387472287675322	1.1631837274578973	1.1686449414979558	1.240558886432618	1.0709335886866758	0.7457826271792246	0.8571385912471795	0.984359752275758	1.067666717754455	1.0138346710117108
NC_025400.1	1.3493161166639633	0.3295166148496248	1.0034535310673947	1.24992127060759	0.8130929457328404	1.1231573401670183	0.7719522976744202	1.1692456345291378	1.1684732978043915	1.2227192778085507	1.1086768812275904	0.7266454480823359	0.8497001741076228	1.021146642331955	1.049811449992638	1.0086790824888403
NC_031216.1	1.114571205940047	0.42202487344801004	1.047711197435562	1.1594410029356532	0.8745051501345361	1.3821096345306725	0.714475274521023	1.1676483328236473	1.2797119580406053	1.1584336425657893	1.0967467345701007	0.6728855149784106	0.72439591659688	0.9995966004876213	1.0135716946341464	1.1444573146183288
NC_034537.1	1.299687937967903	0.40782961473786766	0.9872084718809887	1.2032846982787053	0.6835686659978834	1.4063712736894602	0.8028404730168056	1.1247522254247035	1.1082497805818075	1.2069693480981396	1.10686366449003	0.6991672211713644	0.9129817465960807	0.9133480662664107	1.0325312565373754	1.0786755004804243
NC_013955.1	1.1413926763761733	0.37813209614428817	1.026948104565223	1.2713354516744784	0.791245575632321	1.2085754129355917	0.7834308139745725	1.1728796103699017	1.2086016607972787	1.2479834928321156	1.0448789427177945	0.6941417523324294	0.8729169400473583	1.0230696035482005	1.078091063205481	0.9943010998677975
NC_017714.1	1.2776167522566717	0.3381259255528314	1.0512148955329388	1.2361601614754816	0.7329843889500975	1.2056520822265087	0.7943343797704463	1.1224005451771542	1.0920560147850633	1.270935007632714	1.0234404171171667	0.8017629752887531	0.9886768771150446	0.9191675246512496	1.0800608675377417	0.9921121376544353
NC_028239.1	1.2755823281182905	0.2741302927987888	0.9719237225579552	1.316479780971835	0.728729695023447	1.2257837892086576	0.7929172327297198	1.121164894990255	1.126547951146721	1.2531117029516008	1.0453686290438804	0.7874719814865826	0.9603425267910214	0.9439333969660295	1.0882909242668553	0.9800439683856235
Blackfly_rhabdovirus_1	0.9419515291747986	0.5377907208612305	1.2382267507458113	1.0472810782765372	0.7870791279271134	1.1133610972020922	0.7691224505340959	1.2496744505128172	1.2937882075100466	1.042458973597253	1.0703910554211875	0.7779693928846796	0.8715435985657403	1.1201270467423785	0.9433527814578764	1.049952007717746
Blackfly_rhabdovirus_2	1.119389984352513	0.4485215698035358	1.0958535657679895	1.15680947587462	0.734305224899594	1.1484670033987918	0.7375297391247347	1.2190366242651687	1.1359763507846665	1.186535112712247	1.0430099759452511	0.836670193288919	0.9888239414241801	0.9695110039464987	1.0649276159918821	0.971290750332617
OVRV1_Quek	1.191809814335084	0.3771113582599163	0.9988927721759414	1.1631376628520176	0.6658372419276648	1.3690282915243357	0.7906634043960713	1.1952138179911271	1.1426843810343463	1.265840425757257	1.1162994833999076	0.7130322008318012	0.9211848662457476	0.962588309791512	0.9945799623751994	1.063630555070854
OVRV1_G5	1.1665791047587957	0.39888125578452455	0.9971383503792778	1.177133728476141	0.6521854109177627	1.4004649275253653	0.7721800797488757	1.2018617130924243	1.1586685504407186	1.2509317291931787	1.113221606009263	0.707816861540906	0.9295875336596906	0.9454645476327069	1.0087245128239963	1.05591299108374
OVRV1_G3_M	1.1763591336356534	0.43762225837944874	0.9763464583602367	1.1711087587482365	0.6420379185435333	1.3890004670731586	0.7933373938027977	1.1976469926645654	1.1517837125968415	1.227283389931075	1.1263744272473792	0.7099008430203274	0.9340834822224782	0.950133280847222	0.9992763952407708	1.0594857025001405